Story_ID,Release_ID,Release_Name,Epic,Feature_Name,Feature_Size,Story_Name,Item_Type,Platform,Team_ID,Team_Type,Team_Size,Team_Location,Story_Points,Sprint_Number,Sprint_Start,Sprint_End,Original_Est_Hrs,Bug_Rework_Hrs,Actual_Hrs,Overrun_Pct,N_Tasks,Has_QA_Task,Status,Item_Type_enc,Platform_enc,Feature_Size_enc,Has_QA_enc,Team_Type_enc
US-0024,REL-X2,Release X+2,Accounts,Sync Accounts Screen,L,User is able to sync accounts screen [6],Defect,iOS,SCRUM-4,Scrum,8,NZ,5,1,2025-08-11,2025-08-24,35.5,0.0,77.2,117.5,5,Yes,Completed,2,0.0,3,1,1
US-0036,REL-X2,Release X+2,Authentication,Process Authentication Flow,L,User is able to process authentication flow [3],Feature,iOS,NON-S-2,Non-Scrum,3,Overseas,8,1,2025-08-11,2025-08-24,49.4,4.9,58.5,18.4,6,Yes,Completed,0,0.0,3,1,0
US-0030,REL-X2,Release X+2,Authentication,Verify Authentication Screen,M,As an admin I can verify authentication screen [2],Enhancement,Android,NON-S-1,Non-Scrum,10,NZ,3,1,2025-08-11,2025-08-24,17.4,3.3,22.3,28.2,6,Yes,Completed,1,1.0,2,1,0
US-0008,REL-X2,Release X+2,Accounts,Send Accounts Alert,M,As a user I can send accounts alert [2],Feature,iOS,NON-S-2,Non-Scrum,3,Overseas,5,1,2025-08-11,2025-08-24,28.3,2.4,33.1,17.0,4,Yes,Completed,0,0.0,2,1,0
US-0011,REL-X2,Release X+2,Accounts,Configure Accounts Summary,M,As a user I can configure accounts summary [1],Defect,Platform,SCRUM-1,Scrum,8,NZ,8,1,2025-08-11,2025-08-24,53.5,22.1,90.6,69.3,6,Yes,Completed,2,2.0,2,1,1
US-0055,REL-X2,Release X+2,Payments,Export Payments Alert,S,As an admin I can export payments alert [2],Feature,Platform,SCRUM-3,Scrum,10,NZ,2,1,2025-08-11,2025-08-24,14.6,2.0,17.1,17.1,6,Yes,Completed,0,2.0,1,1,1
US-0032,REL-X2,Release X+2,Authentication,Verify Authentication Screen,M,User is able to verify authentication screen [4],Enhancement,Android,NON-S-1,Non-Scrum,10,NZ,5,2,2025-08-25,2025-09-07,35.0,0.0,41.7,19.1,3,Yes,Completed,1,1.0,2,1,0
US-0004,REL-X2,Release X+2,Cards,Export Cards Screen,M,As a user I can export cards screen [1],Defect,Platform,SCRUM-3,Scrum,10,NZ,8,2,2025-08-25,2025-09-07,56.6,25.7,94.9,67.7,4,Yes,Completed,2,2.0,2,1,1
US-0060,REL-X2,Release X+2,Onboarding,Send Onboarding Dashboard,L,Enable send onboarding dashboard [5],Feature,iOS,SCRUM-1,Scrum,8,NZ,5,2,2025-08-25,2025-09-07,27.2,2.9,32.0,17.6,4,Yes,Completed,0,0.0,3,1,1
US-0007,REL-X2,Release X+2,Accounts,Send Accounts Alert,M,As a user I can send accounts alert [1],Feature,iOS,NON-S-2,Non-Scrum,3,Overseas,5,2,2025-08-25,2025-09-07,28.7,1.8,32.3,12.5,4,Yes,Completed,0,0.0,2,1,0
US-0048,REL-X2,Release X+2,Payments,Process Payments Settings,M,Implement process payments settings [1],Defect,iOS,SCRUM-4,Scrum,8,NZ,8,2,2025-08-25,2025-09-07,56.5,38.5,121.7,115.4,3,Yes,Completed,2,0.0,2,1,1
US-0066,REL-X2,Release X+2,Onboarding,Review Onboarding Report,L,Enable review onboarding report [3],Enhancement,Platform,SCRUM-1,Scrum,8,NZ,5,2,2025-08-25,2025-09-07,31.3,3.5,38.1,21.7,4,Yes,Completed,1,2.0,3,1,1
US-0025,REL-X2,Release X+2,Authentication,Sync Authentication Report,M,Enable sync authentication report [1],Feature,Platform,SCRUM-3,Scrum,10,NZ,13,2,2025-08-25,2025-09-07,83.2,11.6,93.4,12.3,4,Yes,Completed,0,2.0,2,1,1
US-0045,REL-X2,Release X+2,Payments,Review Payments Module,L,User is able to review payments module [3],Feature,Platform,SCRUM-4,Scrum,8,NZ,13,2,2025-08-25,2025-09-07,91.2,5.3,95.9,5.2,5,Yes,Completed,0,2.0,3,1,1
US-0039,REL-X2,Release X+2,Authentication,Export Authentication History,M,Enable export authentication history [1],Enhancement,Android,SCRUM-3,Scrum,10,NZ,21,3,2025-09-08,2025-09-21,115.5,8.1,124.9,8.1,5,Yes,Completed,1,1.0,2,1,1
US-0021,REL-X2,Release X+2,Accounts,Sync Accounts Screen,L,System should sync accounts screen [3],Defect,iOS,SCRUM-4,Scrum,8,NZ,8,3,2025-09-08,2025-09-21,54.1,38.2,111.5,106.1,3,Yes,Completed,2,0.0,3,1,1
US-0051,REL-X2,Release X+2,Payments,Process Payments Settings,M,Enable process payments settings [4],Defect,iOS,SCRUM-4,Scrum,8,NZ,3,3,2025-09-08,2025-09-21,17.3,5.7,33.0,90.8,6,Yes,Completed,2,0.0,2,1,1
US-0065,REL-X2,Release X+2,Onboarding,Review Onboarding Report,L,As an admin I can review onboarding report [2],Enhancement,Platform,SCRUM-1,Scrum,8,NZ,2,3,2025-09-08,2025-09-21,13.7,1.4,16.0,16.8,5,Yes,Completed,1,2.0,3,1,1
US-0013,REL-X2,Release X+2,Accounts,Configure Accounts Summary,M,Add support for configure accounts summary [3],Defect,Platform,SCRUM-1,Scrum,8,NZ,5,3,2025-09-08,2025-09-21,29.9,19.0,64.4,,6,Yes,Completed,2,2.0,2,1,1
US-0009,REL-X2,Release X+2,Accounts,Send Accounts Alert,M,System should send accounts alert [3],Feature,,NON-S-2,Non-Scrum,3,Overseas,8,3,2025-09-08,2025-09-21,58.5,3.0,60.0,2.6,4,Yes,Completed,0,,2,1,0
US-0042,REL-X2,Release X+2,Authentication,Export Authentication History,M,Add support for export authentication history [4],Enhancement,Android,SCRUM-3,Scrum,10,NZ,3,3,2025-09-08,2025-09-21,19.6,1.7,23.8,21.4,6,Yes,Completed,1,1.0,2,1,1
US-0057,REL-X2,Release X+2,Onboarding,Send Onboarding Dashboard,L,User is able to send onboarding dashboard [2],Feature,iOS,SCRUM-1,Scrum,8,NZ,3,3,2025-09-08,2025-09-21,21.1,2.8,25.9,22.7,6,Yes,Completed,0,0.0,3,1,1
US-0053,REL-X2,Release X+2,Payments,Process Payments Settings,M,Enable process payments settings [6],Defect,iOS,SCRUM-4,Scrum,8,NZ,8,3,2025-09-08,2025-09-21,49.2,32.8,98.8,100.8,3,No,Completed,2,0.0,2,0,1
US-0018,REL-X2,Release X+2,Accounts,Configure Accounts Alert,M,System should configure accounts alert [3],Feature,Android,SCRUM-3,Scrum,10,NZ,5,4,2025-09-22,2025-10-05,36.5,4.5,42.6,16.7,4,Yes,Completed,0,1.0,2,1,1
US-0034,REL-X2,Release X+2,Authentication,Process Authentication Flow,L,As an admin I can process authentication flow [1],Feature,iOS,NON-S-2,Non-Scrum,3,Overseas,3,4,2025-09-22,2025-10-05,16.6,2.4,19.4,16.9,3,No,Completed,0,0.0,3,0,0
US-0058,REL-X2,Release X+2,Onboarding,Send Onboarding Dashboard,L,Enable send onboarding dashboard [3],Feature,iOS,SCRUM-1,Scrum,8,NZ,8,4,2025-09-22,2025-10-05,51.9,7.2,57.4,10.6,6,Yes,Completed,0,0.0,3,1,1
US-0061,REL-X2,Release X+2,Onboarding,Send Onboarding Dashboard,L,User is able to send onboarding dashboard [6],Feature,iOS,SCRUM-1,Scrum,8,NZ,5,4,2025-09-22,2025-10-05,27.1,2.5,31.5,16.2,6,Yes,Completed,0,0.0,3,1,1
US-0069,REL-X2,Release X+2,Onboarding,Review Onboarding Report,L,Enable review onboarding report [6],Enhancement,Platform,SCRUM-1,Scrum,8,NZ,5,4,2025-09-22,2025-10-05,30.8,4.3,37.4,,6,Yes,Completed,1,2.0,3,1,1
US-0005,REL-X2,Release X+2,Cards,Export Cards Screen,M,Implement export cards screen [2],Defect,Platform,SCRUM-3,Scrum,10,NZ,8,4,2025-09-22,2025-10-05,41.4,17.3,78.1,88.6,6,Yes,Completed,2,2.0,2,1,1
US-0020,REL-X2,Release X+2,Accounts,Sync Accounts Screen,L,System should sync accounts screen [2],Defect,iOS,SCRUM-4,Scrum,8,NZ,5,4,2025-09-22,2025-10-05,28.4,20.4,65.6,131.0,4,Yes,Completed,2,0.0,3,1,1
US-0035,REL-X2,Release X+2,Authentication,Process Authentication Flow,L,User is able to process authentication flow [2],Feature,iOS,NON-S-2,Non-Scrum,3,Overseas,3,4,2025-09-22,2025-10-05,22.2,2.7,26.8,20.7,6,Yes,Completed,0,0.0,3,1,0
US-0117,REL-X3,Release X+3,Accounts,Review Accounts Dashboard,L,User is able to review accounts dashboard [8],Defect,Platform,SCRUM-1,Scrum,8,NZ,5,5,2025-12-01,2025-12-14,35.1,21.5,76.0,116.5,6,Yes,Not Started,2,2.0,3,1,1
US-0083,REL-X3,Release X+3,Cards,Export Cards Summary,S,As a user I can export cards summary [1],Defect,iOS,SCRUM-3,Scrum,10,NZ,5,5,2025-12-01,2025-12-14,32.4,10.5,50.8,56.8,4,Yes,Completed,2,0.0,1,1,1
US-0111,REL-X3,Release X+3,Accounts,Review Accounts Dashboard,L,User is able to review accounts dashboard [2],Defect,Platform,SCRUM-1,Scrum,8,NZ,3,5,2025-12-01,2025-12-14,20.6,15.4,46.9,127.7,4,Yes,In Progress,2,2.0,3,1,1
US-0109,REL-X3,Release X+3,Accounts,Send Accounts Settings,M,As an admin I can send accounts settings [6],Enhancement,Android,SCRUM-3,Scrum,10,NZ,5,5,2025-12-01,2025-12-14,36.6,7.3,47.3,29.2,5,Yes,Completed,1,1.0,2,1,1
US-0099,REL-X3,Release X+3,Accounts,Process Accounts History,L,Enable process accounts history [1],Feature,,SCRUM-2,Scrum,8,NZ,5,5,2025-12-01,2025-12-14,29.2,2.7,33.5,14.7,6,Yes,Completed,0,,3,1,1
US-0087,REL-X3,Release X+3,Cards,Configure Cards Module,M,System should configure cards module [3],Feature,Android,NON-S-2,Non-Scrum,3,Overseas,2,5,2025-12-01,2025-12-14,12.5,0.8,14.5,16.0,5,Yes,Completed,0,1.0,2,1,0
US-0003,REL-X2,Release X+2,Cards,Display Cards Flow,S,As an admin I can display cards flow [3],Feature,iOS,NON-S-1,Non-Scrum,10,NZ,5,5,2025-10-06,2025-10-19,29.9,4.2,34.7,16.1,6,Yes,Completed,0,0.0,1,1,0
US-0014,REL-X2,Release X+2,Accounts,Configure Accounts Summary,M,Implement configure accounts summary [4],Defect,Platform,SCRUM-1,Scrum,8,NZ,8,5,2025-10-06,2025-10-19,43.3,19.7,81.7,88.7,3,Yes,Completed,2,2.0,2,1,1
US-0095,REL-X3,Release X+3,Accounts,Export Accounts History,M,Implement export accounts history [2],Feature,Android,NON-S-2,Non-Scrum,3,Overseas,8,5,2025-12-01,2025-12-14,51.6,6.2,56.9,10.3,6,Yes,Completed,0,1.0,2,1,0
US-0022,REL-X2,Release X+2,Accounts,Sync Accounts Screen,L,As an admin I can sync accounts screen [4],Defect,iOS,SCRUM-4,Scrum,8,NZ,5,5,2025-10-06,2025-10-19,31.8,19.4,60.5,90.3,3,Yes,Completed,2,0.0,3,1,1
US-0026,REL-X2,Release X+2,Authentication,Sync Authentication Report,M,As an admin I can sync authentication report [2],Feature,Platform,SCRUM-3,Scrum,10,NZ,3,5,2025-10-06,2025-10-19,21.8,2.3,23.2,6.4,4,Yes,Completed,0,2.0,2,1,1
US-0067,REL-X2,Release X+2,Onboarding,Review Onboarding Report,L,Add support for review onboarding report [4],Enhancement,Platform,SCRUM-1,Scrum,8,NZ,8,6,2025-10-20,2025-11-02,54.7,3.7,65.8,20.3,3,Yes,Completed,1,2.0,3,1,1
US-0012,REL-X2,Release X+2,Accounts,Configure Accounts Summary,M,User is able to configure accounts summary [2],Defect,Platform,SCRUM-1,Scrum,8,NZ,3,6,2025-10-20,2025-11-02,18.3,12.0,35.7,95.1,4,Yes,Completed,2,2.0,2,1,1
US-0064,REL-X2,Release X+2,Onboarding,Review Onboarding Report,L,Add support for review onboarding report [1],Enhancement,Platform,SCRUM-1,Scrum,8,NZ,2,6,2025-10-20,2025-11-02,11.1,1.7,12.8,15.3,4,Yes,Completed,1,2.0,3,1,1
US-0113,REL-X3,Release X+3,Accounts,Review Accounts Dashboard,L,Implement review accounts dashboard [4],Defect,Platform,SCRUM-1,Scrum,8,NZ,3,6,2025-12-15,2025-12-28,19.4,8.1,37.7,94.3,4,Yes,Completed,2,2.0,3,1,1
US-0110,REL-X3,Release X+3,Accounts,Review Accounts Dashboard,L,As a user I can review accounts dashboard [1],Defect,Platform,SCRUM-1,Scrum,8,NZ,3,6,2025-12-15,2025-12-28,17.1,8.6,31.3,,3,Yes,Completed,2,2.0,3,1,1
US-0059,REL-X2,Release X+2,Onboarding,Send Onboarding Dashboard,L,Implement send onboarding dashboard [4],Feature,iOS,SCRUM-1,Scrum,8,NZ,13,6,2025-10-20,2025-11-02,89.1,7.8,99.8,12.0,4,Yes,Completed,0,0.0,3,1,1
US-0054,REL-X2,Release X+2,Payments,Export Payments Alert,S,User is able to export payments alert [1],Feature,Platform,SCRUM-3,Scrum,10,NZ,2,6,2025-10-20,2025-11-02,10.7,0.5,11.5,7.5,4,Yes,Completed,0,2.0,1,1,1
US-0002,REL-X2,Release X+2,Cards,Display Cards Flow,S,As an admin I can display cards flow [2],Feature,iOS,NON-S-1,Non-Scrum,10,NZ,8,6,2025-10-20,2025-11-02,57.3,4.0,62.3,8.7,3,Yes,Completed,0,0.0,1,1,0
US-0037,REL-X2,Release X+2,Authentication,Process Authentication Flow,L,Implement process authentication flow [4],Feature,iOS,NON-S-2,Non-Scrum,3,Overseas,2,6,2025-10-20,2025-11-02,12.9,1.5,14.0,8.5,6,Yes,Completed,0,0.0,3,1,0
US-0081,REL-X3,Release X+3,Payments,Export Payments Dashboard,S,As an admin I can export payments dashboard [2],Enhancement,Platform,NON-S-2,Non-Scrum,3,Overseas,3,6,2025-12-15,2025-12-28,17.2,3.1,21.5,25.0,3,Yes,Completed,1,2.0,1,1,0
US-0102,REL-X3,Release X+3,Accounts,Process Accounts History,L,As a user I can process accounts history [4],Feature,Platform,SCRUM-2,Scrum,8,NZ,3,6,2025-12-15,2025-12-28,16.9,1.7,18.2,7.7,3,Yes,Completed,0,2.0,3,1,1
US-0041,REL-X2,Release X+2,Authentication,Export Authentication History,M,Add support for export authentication history [3],Enhancement,Android,SCRUM-3,Scrum,10,NZ,5,6,2025-10-20,2025-11-02,32.3,0.0,37.7,16.7,5,Yes,Completed,1,1.0,2,1,1
US-0084,REL-X3,Release X+3,Cards,Export Cards Summary,S,Add support for export cards summary [2],Defect,iOS,SCRUM-3,Scrum,10,NZ,5,6,2025-12-15,2025-12-28,31.0,12.9,50.3,62.3,3,Yes,Not Started,2,0.0,1,1,1
US-0075,REL-X3,Release X+3,Onboarding,Process Onboarding Screen,M,As a user I can process onboarding screen [4],Enhancement,Platform,NON-S-1,Non-Scrum,10,NZ,3,6,2025-12-15,2025-12-28,16.9,1.0,18.6,10.1,6,Yes,In Progress,1,2.0,2,1,0
US-0038,REL-X2,Release X+2,Authentication,Process Authentication Flow,L,As an admin I can process authentication flow [5],Feature,iOS,NON-S-2,Non-Scrum,3,Overseas,2,7,2025-11-03,2025-11-16,11.6,0.7,12.5,7.8,5,Yes,Completed,0,0.0,3,1,0
US-0010,REL-X2,Release X+2,Accounts,Send Accounts Alert,M,User is able to send accounts alert [4],Feature,iOS,NON-S-2,Non-Scrum,3,Overseas,3,7,2025-11-03,2025-11-16,22.2,1.2,22.7,2.3,6,Yes,Completed,0,0.0,2,1,0
US-0049,REL-X2,Release X+2,Payments,Process Payments Settings,M,User is able to process payments settings [2],Defect,iOS,SCRUM-4,Scrum,8,NZ,3,7,2025-11-03,2025-11-16,15.0,6.1,24.5,63.3,6,Yes,Completed,2,0.0,2,1,1
US-0068,REL-X2,Release X+2,Onboarding,Review Onboarding Report,L,As an admin I can review onboarding report [5],Enhancement,Platform,SCRUM-1,Scrum,8,NZ,13,7,2025-11-03,2025-11-16,92.9,12.3,117.9,26.9,3,Yes,Completed,1,2.0,3,1,1
US-0033,REL-X2,Release X+2,Authentication,Verify Authentication Screen,M,Add support for verify authentication screen [5],Enhancement,Android,NON-S-1,Non-Scrum,10,NZ,5,7,2025-11-03,2025-11-16,27.0,2.9,31.0,14.8,3,Yes,Completed,1,1.0,2,1,0
US-0019,REL-X2,Release X+2,Accounts,Sync Accounts Screen,L,User is able to sync accounts screen [1],Defect,iOS,SCRUM-4,Scrum,8,NZ,5,7,2025-11-03,2025-11-16,35.2,27.6,76.5,117.3,6,Yes,Completed,2,0.0,3,1,1
US-0047,REL-X2,Release X+2,Payments,Review Payments Module,L,Add support for review payments module [5],Feature,Platform,SCRUM-4,Scrum,8,NZ,3,7,2025-11-03,2025-11-16,17.2,1.9,18.7,8.7,4,Yes,Completed,0,2.0,3,1,1
US-0027,REL-X2,Release X+2,Authentication,Sync Authentication Report,M,Implement sync authentication report [3],Feature,Platform,SCRUM-3,Scrum,10,NZ,3,7,2025-11-03,2025-11-16,17.4,0.7,17.4,0.0,3,Yes,Completed,0,2.0,2,1,1
US-0046,REL-X2,Release X+2,Payments,Review Payments Module,L,Add support for review payments module [4],Feature,Platform,SCRUM-4,Scrum,8,NZ,3,7,2025-11-03,2025-11-16,21.6,0.9,24.4,13.0,3,Yes,Completed,0,2.0,3,1,1
US-0072,REL-X3,Release X+3,Onboarding,Process Onboarding Screen,M,Add support for process onboarding screen [1],Enhancement,Platform,NON-S-1,Non-Scrum,10,NZ,5,8,2026-01-12,2026-01-25,25.8,2.4,28.7,11.2,6,Yes,In Progress,1,2.0,2,1,0
US-0107,REL-X3,Release X+3,Accounts,Send Accounts Settings,M,Add support for send accounts settings [4],Enhancement,Android,SCRUM-3,Scrum,10,NZ,3,8,2026-01-12,2026-01-25,17.8,1.6,20.5,15.2,5,Yes,Completed,1,1.0,2,1,1
US-0073,REL-X3,Release X+3,Onboarding,Process Onboarding Screen,M,Add support for process onboarding screen [2],Enhancement,Platform,NON-S-1,Non-Scrum,10,NZ,8,8,2026-01-12,2026-01-25,59.0,7.9,71.9,21.9,3,Yes,In Progress,1,2.0,2,1,0
US-0016,REL-X2,Release X+2,Accounts,Configure Accounts Alert,M,User is able to configure accounts alert [1],Feature,Android,SCRUM-3,Scrum,10,NZ,8,8,2025-11-17,2025-11-30,59.0,6.5,64.2,8.8,3,Yes,Completed,0,1.0,2,1,1
US-0086,REL-X3,Release X+3,Cards,Configure Cards Module,M,Enable configure cards module [2],Feature,Android,NON-S-2,Non-Scrum,3,Overseas,3,8,2026-01-12,2026-01-25,18.9,2.1,20.3,7.4,3,No,Completed,0,1.0,2,0,0
US-0017,REL-X2,Release X+2,Accounts,Configure Accounts Alert,M,As a user I can configure accounts alert [2],Feature,Android,SCRUM-3,Scrum,10,NZ,3,8,2025-11-17,2025-11-30,21.5,0.7,21.3,-0.9,5,Yes,Completed,0,1.0,2,1,1
US-0023,REL-X2,Release X+2,Accounts,Sync Accounts Screen,L,User is able to sync accounts screen [5],Defect,iOS,SCRUM-4,Scrum,8,NZ,5,8,2025-11-17,2025-11-30,28.2,12.1,46.0,63.1,5,Yes,Completed,2,0.0,3,1,1
US-0052,REL-X2,Release X+2,Payments,Process Payments Settings,M,As an admin I can process payments settings [5],Defect,iOS,SCRUM-4,Scrum,8,NZ,13,8,2025-11-17,2025-11-30,96.3,34.5,188.6,95.8,5,Yes,Completed,2,0.0,2,1,1
US-0044,REL-X2,Release X+2,Payments,Review Payments Module,L,Add support for review payments module [2],Feature,Platform,SCRUM-4,Scrum,8,NZ,5,8,2025-11-17,2025-11-30,30.2,1.4,32.4,7.3,5,Yes,Completed,0,2.0,3,1,1
US-0094,REL-X3,Release X+3,Accounts,Export Accounts History,M,Implement export accounts history [1],Feature,Android,NON-S-2,Non-Scrum,3,Overseas,5,8,2026-01-12,2026-01-25,36.9,2.5,41.3,11.9,5,Yes,Completed,0,1.0,2,1,0
US-0031,REL-X2,Release X+2,Authentication,Verify Authentication Screen,M,Add support for verify authentication screen [3],Enhancement,Android,NON-S-1,Non-Scrum,10,NZ,5,8,2025-11-17,2025-11-30,26.4,1.4,29.1,10.2,6,Yes,Completed,1,1.0,2,1,0
US-0063,REL-X2,Release X+2,Onboarding,Send Onboarding Dashboard,L,User is able to send onboarding dashboard [8],Feature,iOS,SCRUM-1,Scrum,8,NZ,8,8,2025-11-17,2025-11-30,53.9,7.2,62.1,15.2,6,Yes,Completed,0,0.0,3,1,1
US-0001,REL-X2,Release X+2,Cards,Display Cards Flow,S,System should display cards flow [1],Feature,iOS,NON-S-1,Non-Scrum,10,NZ,3,9,2025-12-01,2025-12-14,19.5,1.8,22.4,,4,Yes,Completed,0,0.0,1,1,0
US-0129,REL-X4,Release X+4,Accounts,Display Accounts Settings,M,System should display accounts settings [4],Feature,iOS,SCRUM-4,Scrum,8,NZ,3,9,2026-03-23,2026-04-05,21.5,0.8,21.3,-0.9,6,Yes,Completed,0,0.0,2,1,1
US-0134,REL-X4,Release X+4,Accounts,Manage Accounts History,M,User is able to manage accounts history [3],Feature,Platform,NON-S-2,Non-Scrum,3,Overseas,5,9,2026-03-23,2026-04-05,36.2,1.4,39.3,,6,Yes,In Progress,0,2.0,2,1,0
US-0137,REL-X4,Release X+4,Accounts,Manage Accounts History,M,As a user I can manage accounts history [6],Feature,Platform,NON-S-2,Non-Scrum,3,Overseas,5,9,2026-03-23,2026-04-05,34.7,0.8,36.3,4.6,6,Yes,Completed,0,2.0,2,1,0
US-0143,REL-X4,Release X+4,Accounts,Configure Accounts Screen,L,User is able to configure accounts screen [6],Defect,iOS,NON-S-2,Non-Scrum,3,Overseas,8,9,2026-03-23,2026-04-05,44.5,21.6,80.1,80.0,5,Yes,Completed,2,0.0,3,1,0
US-0156,REL-X4,Release X+4,Cards,Manage Cards Screen,M,Add support for manage cards screen [2],Defect,iOS,SCRUM-3,Scrum,10,NZ,13,9,2026-03-23,2026-04-05,66.1,44.3,144.7,118.9,5,Yes,In Progress,2,0.0,2,1,1
US-0159,REL-X4,Release X+4,Cards,Sync Cards Details,L,Implement sync cards details [2],Feature,iOS,SCRUM-1,Scrum,8,NZ,3,9,2026-03-23,2026-04-05,21.8,3.3,27.1,24.3,3,Yes,Completed,0,0.0,3,1,1
US-0108,REL-X3,Release X+3,Accounts,Send Accounts Settings,M,Add support for send accounts settings [5],Enhancement,,SCRUM-3,Scrum,10,NZ,3,9,2026-01-26,2026-02-08,17.9,2.4,20.8,16.2,6,Yes,In Progress,1,,2,1,1
US-0093,REL-X3,Release X+3,Cards,Export Cards Flow,S,User is able to export cards flow [2],Defect,iOS,NON-S-2,Non-Scrum,3,Overseas,8,9,2026-01-26,2026-02-08,41.5,31.7,83.3,100.7,6,Yes,In Progress,2,0.0,1,1,0
US-0080,REL-X3,Release X+3,Payments,Export Payments Dashboard,S,Implement export payments dashboard [1],Enhancement,Platform,NON-S-2,Non-Scrum,3,Overseas,3,9,2026-01-26,2026-02-08,17.1,1.7,19.5,14.0,6,Yes,Completed,1,2.0,1,1,0
US-0074,REL-X3,Release X+3,Onboarding,Process Onboarding Screen,M,As an admin I can process onboarding screen [3],Enhancement,Platform,NON-S-1,Non-Scrum,10,NZ,3,9,2026-01-26,2026-02-08,22.1,2.4,24.8,12.2,5,Yes,Completed,1,2.0,2,1,0
US-0006,REL-X2,Release X+2,Cards,Export Cards Screen,M,Enable export cards screen [3],Defect,Platform,SCRUM-3,Scrum,10,NZ,8,9,2025-12-01,2025-12-14,45.7,29.6,97.8,114.0,3,Yes,Completed,2,2.0,2,1,1
US-0029,REL-X2,Release X+2,Authentication,Verify Authentication Screen,M,User is able to verify authentication screen [1],Enhancement,Android,NON-S-1,Non-Scrum,10,NZ,3,9,2025-12-01,2025-12-14,19.9,1.7,21.9,10.1,3,No,Completed,1,1.0,2,0,0
US-0062,REL-X2,Release X+2,Onboarding,Send Onboarding Dashboard,L,Enable send onboarding dashboard [7],Feature,iOS,SCRUM-1,Scrum,8,NZ,3,9,2025-12-01,2025-12-14,20.3,1.2,21.3,4.9,3,No,Completed,0,0.0,3,0,1
US-0040,REL-X2,Release X+2,Authentication,Export Authentication History,M,Enable export authentication history [2],Enhancement,Android,SCRUM-3,Scrum,10,NZ,5,9,2025-12-01,2025-12-14,33.5,3.4,41.3,23.3,3,No,Completed,1,1.0,2,0,1
US-0015,REL-X2,Release X+2,Accounts,Configure Accounts Summary,M,Enable configure accounts summary [5],Defect,Platform,SCRUM-1,Scrum,8,NZ,13,9,2025-12-01,2025-12-14,79.9,30.1,131.6,64.7,6,Yes,Completed,2,2.0,2,1,1
US-0043,REL-X2,Release X+2,Payments,Review Payments Module,L,As an admin I can review payments module [1],Feature,Platform,SCRUM-4,Scrum,8,NZ,3,9,2025-12-01,2025-12-14,18.6,1.5,20.9,12.4,5,Yes,Completed,0,2.0,3,1,1
US-0056,REL-X2,Release X+2,Onboarding,Send Onboarding Dashboard,L,Implement send onboarding dashboard [1],Feature,iOS,SCRUM-1,Scrum,8,NZ,3,9,2025-12-01,2025-12-14,16.0,0.0,17.0,6.2,5,Yes,Completed,0,0.0,3,1,1
US-0028,REL-X2,Release X+2,Authentication,Sync Authentication Report,M,User is able to sync authentication report [4],Feature,Platform,SCRUM-3,Scrum,10,NZ,5,9,2025-12-01,2025-12-14,31.9,2.0,37.1,16.3,4,Yes,Completed,0,2.0,2,1,1
US-0112,REL-X3,Release X+3,Accounts,Review Accounts Dashboard,L,Enable review accounts dashboard [3],Defect,Platform,SCRUM-1,Scrum,8,NZ,3,10,2026-02-09,2026-02-22,17.4,13.8,36.9,112.1,4,Yes,Completed,2,2.0,3,1,1
US-0153,REL-X4,Release X+4,Cards,Review Cards Flow,L,As a user I can review cards flow [4],Defect,Android,SCRUM-3,Scrum,10,NZ,1,10,2026-04-06,2026-04-19,5.8,3.4,11.1,91.4,5,Yes,In Progress,2,1.0,3,1,1
US-0115,REL-X3,Release X+3,Accounts,Review Accounts Dashboard,L,Enable review accounts dashboard [6],Defect,,SCRUM-1,Scrum,8,NZ,2,10,2026-02-09,2026-02-22,13.4,6.9,24.8,85.1,6,Yes,Completed,2,,3,1,1
US-0161,REL-X4,Release X+4,Cards,Sync Cards Details,L,As an admin I can sync cards details [4],Feature,,SCRUM-1,Scrum,8,NZ,5,10,2026-04-06,2026-04-19,33.5,2.4,37.2,11.0,5,Yes,In Progress,0,,3,1,1
US-0071,REL-X3,Release X+3,Onboarding,Sync Onboarding History,S,Enable sync onboarding history [2],Feature,iOS,SCRUM-1,Scrum,8,NZ,8,10,2026-02-09,2026-02-22,59.7,2.2,66.3,11.1,3,Yes,In Progress,0,0.0,1,1,1
US-0136,REL-X4,Release X+4,Accounts,Manage Accounts History,M,As an admin I can manage accounts history [5],Feature,Platform,NON-S-2,Non-Scrum,3,Overseas,2,10,2026-04-06,2026-04-19,10.9,0.3,11.2,2.8,4,Yes,Completed,0,2.0,2,1,0
US-0140,REL-X4,Release X+4,Accounts,Configure Accounts Screen,L,As a user I can configure accounts screen [3],Defect,iOS,NON-S-2,Non-Scrum,3,Overseas,8,10,2026-04-06,2026-04-19,53.9,18.8,94.2,74.8,4,Yes,Completed,2,0.0,3,1,0
US-0164,REL-X4,Release X+4,Cards,Sync Cards Details,L,Implement sync cards details [7],Feature,iOS,SCRUM-1,Scrum,8,NZ,3,10,2026-04-06,2026-04-19,21.9,2.7,24.2,,6,Yes,In Progress,0,0.0,3,1,1
US-0123,REL-X4,Release X+4,Transfers,Export Transfers Summary,M,Implement export transfers summary [4],Feature,Android,SCRUM-4,Scrum,8,NZ,5,10,2026-04-06,2026-04-19,25.1,1.2,26.1,4.0,6,Yes,Completed,0,1.0,2,1,1
US-0116,REL-X3,Release X+3,Accounts,Review Accounts Dashboard,L,As a user I can review accounts dashboard [7],Defect,Platform,SCRUM-1,Scrum,8,NZ,5,10,2026-02-09,2026-02-22,25.1,12.4,45.2,80.1,3,Yes,Not Started,2,2.0,3,1,1
US-0106,REL-X3,Release X+3,Accounts,Send Accounts Settings,M,User is able to send accounts settings [3],Enhancement,Android,SCRUM-3,Scrum,10,NZ,2,10,2026-02-09,2026-02-22,12.6,1.0,13.7,8.7,6,Yes,Not Started,1,1.0,2,1,1
US-0100,REL-X3,Release X+3,Accounts,Process Accounts History,L,Add support for process accounts history [2],Feature,Platform,SCRUM-2,Scrum,8,NZ,2,10,2026-02-09,2026-02-22,11.4,1.5,13.9,21.9,3,Yes,Completed,0,2.0,3,1,1
US-0077,REL-X3,Release X+3,Payments,Display Payments Report,M,Enable display payments report [1],Feature,Platform,SCRUM-1,Scrum,8,NZ,21,11,2026-02-23,2026-03-08,156.0,19.5,170.7,9.4,5,Yes,Completed,0,2.0,2,1,1
US-0092,REL-X3,Release X+3,Cards,Export Cards Flow,S,As a user I can export cards flow [1],Defect,iOS,NON-S-2,Non-Scrum,3,Overseas,5,11,2026-02-23,2026-03-08,26.3,15.0,54.0,105.3,3,No,In Progress,2,0.0,1,0,0
US-0088,REL-X3,Release X+3,Cards,Configure Cards Module,M,Enable configure cards module [4],Feature,Android,NON-S-2,Non-Scrum,3,Overseas,5,11,2026-02-23,2026-03-08,34.8,3.9,37.5,7.8,4,Yes,Completed,0,1.0,2,1,0
US-0096,REL-X3,Release X+3,Accounts,Export Accounts History,M,Enable export accounts history [3],Feature,Android,NON-S-2,Non-Scrum,3,Overseas,8,11,2026-02-23,2026-03-08,45.3,4.1,48.3,6.6,4,Yes,Completed,0,1.0,2,1,0
US-0131,REL-X4,Release X+4,Accounts,Display Accounts Settings,M,Add support for display accounts settings [6],Feature,iOS,SCRUM-4,Scrum,8,NZ,8,11,2026-04-20,2026-05-03,57.2,3.7,58.8,2.8,4,Yes,Completed,0,0.0,2,1,1
US-0098,REL-X3,Release X+3,Accounts,Export Accounts History,M,User is able to export accounts history [5],Feature,Android,NON-S-2,Non-Scrum,3,Overseas,5,11,2026-02-23,2026-03-08,25.0,3.5,29.8,19.2,6,Yes,Completed,0,1.0,2,1,0
US-0160,REL-X4,Release X+4,Cards,Sync Cards Details,L,System should sync cards details [3],Feature,iOS,SCRUM-1,Scrum,8,NZ,5,11,2026-04-20,2026-05-03,34.5,1.9,36.3,5.2,6,Yes,Completed,0,0.0,3,1,1
US-0121,REL-X4,Release X+4,Transfers,Export Transfers Summary,M,As an admin I can export transfers summary [2],Feature,Android,SCRUM-4,Scrum,8,NZ,3,11,2026-04-20,2026-05-03,20.5,0.0,23.4,,6,Yes,Completed,0,1.0,2,1,1
US-0090,REL-X3,Release X+3,Cards,Configure Cards History,S,Add support for configure cards history [1],Enhancement,Platform,NON-S-2,Non-Scrum,3,Overseas,8,11,2026-02-23,2026-03-08,53.9,8.3,62.6,,5,Yes,Completed,1,2.0,1,1,0
US-0142,REL-X4,Release X+4,Accounts,Configure Accounts Screen,L,As a user I can configure accounts screen [5],Defect,iOS,NON-S-2,Non-Scrum,3,Overseas,3,11,2026-04-20,2026-05-03,21.6,7.4,36.7,69.9,4,Yes,Completed,2,0.0,3,1,0
US-0101,REL-X3,Release X+3,Accounts,Process Accounts History,L,As an admin I can process accounts history [3],Feature,Platform,SCRUM-2,Scrum,8,NZ,13,11,2026-02-23,2026-03-08,93.0,7.7,99.6,7.1,3,Yes,In Progress,0,2.0,3,1,1
US-0105,REL-X3,Release X+3,Accounts,Send Accounts Settings,M,As a user I can send accounts settings [2],Enhancement,Android,SCRUM-3,Scrum,10,NZ,3,11,2026-02-23,2026-03-08,21.1,2.1,25.2,19.4,5,Yes,In Progress,1,1.0,2,1,1
US-0155,REL-X4,Release X+4,Cards,Manage Cards Screen,M,Implement manage cards screen [1],Defect,iOS,SCRUM-3,Scrum,10,NZ,5,11,2026-04-20,2026-05-03,36.1,18.0,73.4,103.3,5,Yes,Completed,2,0.0,2,1,1
US-0070,REL-X3,Release X+3,Onboarding,Sync Onboarding History,S,As a user I can sync onboarding history [1],Feature,iOS,SCRUM-1,Scrum,8,NZ,2,12,2026-03-09,2026-03-22,11.8,1.4,13.4,13.6,3,Yes,Completed,0,0.0,1,1,1
US-0085,REL-X3,Release X+3,Cards,Configure Cards Module,M,Enable configure cards module [1],Feature,Android,NON-S-2,Non-Scrum,3,Overseas,5,12,2026-03-09,2026-03-22,37.0,2.0,39.3,6.2,4,Yes,In Progress,0,1.0,2,1,0
US-0104,REL-X3,Release X+3,Accounts,Send Accounts Settings,M,User is able to send accounts settings [1],Enhancement,Android,SCRUM-3,Scrum,10,NZ,2,12,2026-03-09,2026-03-22,14.1,1.7,17.1,21.3,3,Yes,In Progress,1,1.0,2,1,1
US-0203,REL-X5,Release X+5,Cards,Export Cards Dashboard,S,Add support for export cards dashboard [2],Feature,Platform,SCRUM-4,Scrum,8,NZ,5,12,2026-06-15,2026-06-28,26.5,0.0,31.4,18.5,3,Yes,Completed,0,2.0,1,1,1
US-0132,REL-X4,Release X+4,Accounts,Manage Accounts History,M,Implement manage accounts history [1],Feature,Platform,NON-S-2,Non-Scrum,3,Overseas,3,12,2026-05-04,2026-05-17,15.7,1.6,17.4,10.8,5,Yes,In Progress,0,2.0,2,1,0
US-0166,REL-X5,Release X+5,Authentication,Display Authentication Settings,M,User is able to display authentication settings [1],Feature,iOS,SCRUM-2,Scrum,8,NZ,5,12,2026-06-15,2026-06-28,37.4,2.2,38.9,4.0,3,Yes,Not Started,0,0.0,2,1,1
US-0172,REL-X5,Release X+5,Authentication,Sync Authentication Module,L,Implement sync authentication module [3],Feature,Platform,NON-S-2,Non-Scrum,3,Overseas,8,12,2026-06-15,2026-06-28,49.8,1.8,51.7,3.8,4,Yes,Completed,0,2.0,3,1,0
US-0213,REL-X5,Release X+5,Notifications,Update Notifications Details,L,Add support for update notifications details [5],Enhancement,Android,SCRUM-4,Scrum,8,NZ,3,12,2026-06-15,2026-06-28,15.0,2.0,18.3,22.0,4,Yes,Not Started,1,1.0,3,1,1
US-0076,REL-X3,Release X+3,Onboarding,Process Onboarding Screen,M,User is able to process onboarding screen [5],Enhancement,,NON-S-1,Non-Scrum,10,NZ,3,12,2026-03-09,2026-03-22,15.7,1.7,18.7,19.1,6,Yes,Completed,1,,2,1,0
US-0149,REL-X4,Release X+4,Cards,Sync Cards Settings,M,As an admin I can sync cards settings [6],Feature,Android,NON-S-2,Non-Scrum,3,Overseas,2,12,2026-05-04,2026-05-17,12.9,0.3,13.0,0.8,4,Yes,Not Started,0,1.0,2,1,0
US-0214,REL-X5,Release X+5,Notifications,Update Notifications Details,L,As an admin I can update notifications details [6],Enhancement,Android,SCRUM-4,Scrum,8,NZ,5,12,2026-06-15,2026-06-28,32.6,3.2,36.1,,3,Yes,In Progress,1,1.0,3,1,1
US-0167,REL-X5,Release X+5,Authentication,Display Authentication Settings,M,As a user I can display authentication settings [2],Feature,iOS,SCRUM-2,Scrum,8,NZ,8,13,2026-06-29,2026-07-12,59.3,7.0,72.0,21.4,5,Yes,In Progress,0,0.0,2,1,1
US-0177,REL-X5,Release X+5,Authentication,Manage Authentication History,S,Enable manage authentication history [1],Feature,Android,SCRUM-3,Scrum,10,NZ,1,13,2026-06-29,2026-07-12,5.7,0.8,6.5,14.0,5,Yes,In Progress,0,1.0,1,1,1
US-0145,REL-X4,Release X+4,Cards,Sync Cards Settings,M,Add support for sync cards settings [2],Feature,Android,NON-S-2,Non-Scrum,3,Overseas,5,13,2026-05-18,2026-05-31,35.4,3.5,37.9,7.1,6,Yes,Completed,0,1.0,2,1,0
US-0192,REL-X5,Release X+5,Transfers,Review Transfers Flow,M,User is able to review transfers flow [1],Enhancement,Platform,NON-S-2,Non-Scrum,3,Overseas,13,13,2026-06-29,2026-07-12,75.0,12.1,95.6,27.5,4,Yes,Completed,1,2.0,2,1,0
US-0189,REL-X5,Release X+5,Transfers,Manage Transfers Details,M,Add support for manage transfers details [1],Defect,iOS,SCRUM-3,Scrum,10,NZ,5,13,2026-06-29,2026-07-12,34.5,12.4,58.9,70.7,6,Yes,Completed,2,0.0,2,1,1
US-0163,REL-X4,Release X+4,Cards,Sync Cards Details,L,Implement sync cards details [6],Feature,iOS,SCRUM-1,Scrum,8,NZ,2,13,2026-05-18,2026-05-31,14.5,0.0,16.8,15.9,3,Yes,Completed,0,0.0,3,1,1
US-0091,REL-X3,Release X+3,Cards,Configure Cards History,S,Implement configure cards history [2],Enhancement,Platform,NON-S-2,Non-Scrum,3,Overseas,3,13,2026-03-23,2026-04-05,16.6,1.3,18.1,9.0,5,Yes,Completed,1,2.0,1,1,0
US-0125,REL-X4,Release X+4,Transfers,Export Transfers Summary,M,As an admin I can export transfers summary [6],Feature,Android,SCRUM-4,Scrum,8,NZ,1,13,2026-05-18,2026-05-31,6.3,0.7,7.0,11.1,6,Yes,In Progress,0,1.0,2,1,1
US-0089,REL-X3,Release X+3,Cards,Configure Cards Module,M,Enable configure cards module [5],Feature,Android,NON-S-2,Non-Scrum,3,Overseas,5,13,2026-03-23,2026-04-05,33.8,4.0,37.6,11.2,5,Yes,Not Started,0,1.0,2,1,0
US-0205,REL-X5,Release X+5,Cards,Send Cards Module,L,As an admin I can send cards module [2],Feature,Platform,NON-S-1,Non-Scrum,10,NZ,8,13,2026-06-29,2026-07-12,42.9,5.3,47.8,11.4,5,Yes,Completed,0,2.0,3,1,0
US-0128,REL-X4,Release X+4,Accounts,Display Accounts Settings,M,Implement display accounts settings [3],Feature,iOS,SCRUM-4,Scrum,8,NZ,8,13,2026-05-18,2026-05-31,55.1,5.8,61.9,12.3,5,Yes,Completed,0,0.0,2,1,1
US-0210,REL-X5,Release X+5,Notifications,Update Notifications Details,L,As an admin I can update notifications details [2],Enhancement,Android,SCRUM-4,Scrum,8,NZ,8,13,2026-06-29,2026-07-12,54.8,9.5,65.4,19.3,5,Yes,In Progress,1,1.0,3,1,1
US-0124,REL-X4,Release X+4,Transfers,Export Transfers Summary,M,System should export transfers summary [5],Feature,Android,SCRUM-4,Scrum,8,NZ,8,13,2026-05-18,2026-05-31,46.2,6.1,54.9,18.8,5,Yes,Completed,0,1.0,2,1,1
US-0120,REL-X4,Release X+4,Transfers,Export Transfers Summary,M,Enable export transfers summary [1],Feature,Android,SCRUM-4,Scrum,8,NZ,5,13,2026-05-18,2026-05-31,33.9,1.6,36.1,6.5,3,Yes,Completed,0,1.0,2,1,1
US-0097,REL-X3,Release X+3,Accounts,Export Accounts History,M,Implement export accounts history [4],Feature,Android,NON-S-2,Non-Scrum,3,Overseas,3,13,2026-03-23,2026-04-05,16.0,1.6,17.1,6.9,6,Yes,Completed,0,1.0,2,1,0
US-0114,REL-X3,Release X+3,Accounts,Review Accounts Dashboard,L,System should review accounts dashboard [5],Defect,Platform,SCRUM-1,Scrum,8,NZ,3,13,2026-03-23,2026-04-05,20.1,16.1,48.0,138.8,3,Yes,Completed,2,2.0,3,1,1
US-0103,REL-X3,Release X+3,Accounts,Process Accounts History,L,Enable process accounts history [5],Feature,,SCRUM-2,Scrum,8,NZ,8,13,2026-03-23,2026-04-05,55.5,4.4,58.1,4.7,5,Yes,Completed,0,,3,1,1
US-0079,REL-X3,Release X+3,Payments,Display Payments Report,M,As a user I can display payments report [3],Feature,Platform,SCRUM-1,Scrum,8,NZ,13,13,2026-03-23,2026-04-05,87.9,4.9,99.3,13.0,6,Yes,Completed,0,2.0,2,1,1
US-0162,REL-X4,Release X+4,Cards,Sync Cards Details,L,System should sync cards details [5],Feature,iOS,SCRUM-1,Scrum,8,NZ,3,14,2026-06-01,2026-06-14,20.1,0.7,21.8,8.5,3,Yes,Completed,0,0.0,3,1,1
US-0194,REL-X5,Release X+5,Transfers,Review Transfers Flow,M,As an admin I can review transfers flow [3],Enhancement,Platform,NON-S-2,Non-Scrum,3,Overseas,8,14,2026-07-13,2026-07-26,55.2,10.4,70.5,27.7,6,Yes,Completed,1,2.0,2,1,0
US-0215,REL-X5,Release X+5,Notifications,Update Notifications Details,L,As a user I can update notifications details [7],Enhancement,Android,SCRUM-4,Scrum,8,NZ,3,14,2026-07-13,2026-07-26,21.5,1.7,24.8,15.3,4,Yes,In Progress,1,1.0,3,1,1
US-0196,REL-X5,Release X+5,Cards,Verify Cards Alert,M,As an admin I can verify cards alert [1],Feature,iOS,SCRUM-2,Scrum,8,NZ,5,14,2026-07-13,2026-07-26,31.6,3.3,36.8,16.5,6,Yes,Completed,0,0.0,2,1,1
US-0193,REL-X5,Release X+5,Transfers,Review Transfers Flow,M,As an admin I can review transfers flow [2],Enhancement,Platform,NON-S-2,Non-Scrum,3,Overseas,2,14,2026-07-13,2026-07-26,12.5,2.4,15.0,20.0,4,Yes,Not Started,1,2.0,2,1,0
US-0217,REL-X5,Release X+5,Notifications,Send Notifications History,S,As an admin I can send notifications history [2],Feature,iOS,SCRUM-2,Scrum,8,NZ,13,14,2026-07-13,2026-07-26,91.0,11.2,109.4,20.2,6,Yes,In Progress,0,0.0,1,1,1
US-0141,REL-X4,Release X+4,Accounts,Configure Accounts Screen,L,As a user I can configure accounts screen [4],Defect,iOS,NON-S-2,Non-Scrum,3,Overseas,5,14,2026-06-01,2026-06-14,27.6,17.7,57.7,109.1,6,Yes,In Progress,2,0.0,3,1,0
US-0138,REL-X4,Release X+4,Accounts,Configure Accounts Screen,L,Enable configure accounts screen [1],Defect,iOS,NON-S-2,Non-Scrum,3,Overseas,5,14,2026-06-01,2026-06-14,26.5,19.8,59.2,123.4,3,Yes,Completed,2,0.0,3,1,0
US-0133,REL-X4,Release X+4,Accounts,Manage Accounts History,M,Add support for manage accounts history [2],Feature,Platform,NON-S-2,Non-Scrum,3,Overseas,5,14,2026-06-01,2026-06-14,36.5,2.0,39.0,6.8,3,Yes,Completed,0,2.0,2,1,0
US-0255,REL-X6,Release X+6,Transfers,Update Transfers Alert,L,Implement update transfers alert [1],Feature,Platform,SCRUM-1,Scrum,8,NZ,5,15,2026-09-14,2026-09-27,31.4,1.3,33.9,8.0,5,Yes,Not Started,0,2.0,3,1,1
US-0191,REL-X5,Release X+5,Transfers,Manage Transfers Details,M,As a user I can manage transfers details [3],Defect,iOS,SCRUM-3,Scrum,10,NZ,3,15,2026-07-27,2026-08-09,15.1,9.5,27.7,83.4,4,Yes,Completed,2,0.0,2,1,1
US-0256,REL-X6,Release X+6,Transfers,Update Transfers Alert,L,Enable update transfers alert [2],Feature,,SCRUM-1,Scrum,8,NZ,13,15,2026-09-14,2026-09-27,90.8,5.6,103.3,13.8,4,Yes,Not Started,0,,3,1,1
US-0188,REL-X5,Release X+5,Reporting,Manage Reporting Summary,L,As an admin I can manage reporting summary [6],Feature,Android,NON-S-2,Non-Scrum,3,Overseas,2,15,2026-07-27,2026-08-09,12.7,1.0,13.2,3.9,5,Yes,Completed,0,1.0,3,1,0
US-0263,REL-X6,Release X+6,Reporting,Review Reporting Dashboard,L,Add support for review reporting dashboard [3],Enhancement,Android,NON-S-2,Non-Scrum,3,Overseas,2,15,2026-09-14,2026-09-27,10.8,2.0,13.3,23.1,3,Yes,Completed,1,1.0,3,1,0
US-0184,REL-X5,Release X+5,Reporting,Manage Reporting Summary,L,System should manage reporting summary [2],Feature,Android,NON-S-2,Non-Scrum,3,Overseas,3,15,2026-07-27,2026-08-09,21.7,1.7,23.1,6.5,4,Yes,Completed,0,1.0,3,1,0
US-0250,REL-X6,Release X+6,Transfers,Review Transfers Flow,L,As a user I can review transfers flow [3],Defect,Android,SCRUM-3,Scrum,10,NZ,13,15,2026-09-14,2026-09-27,80.6,58.2,161.9,100.9,4,Yes,Completed,2,1.0,3,1,1
US-0179,REL-X5,Release X+5,Reporting,Manage Reporting Module,M,Add support for manage reporting module [1],Enhancement,Platform,SCRUM-3,Scrum,10,NZ,13,15,2026-07-27,2026-08-09,92.1,16.0,115.3,25.2,3,No,Not Started,1,2.0,2,0,1
US-0266,REL-X6,Release X+6,Reporting,Export Reporting Summary,S,Implement export reporting summary [1],Feature,Platform,SCRUM-3,Scrum,10,NZ,5,15,2026-09-14,2026-09-27,33.6,2.5,37.6,11.9,6,Yes,Completed,0,2.0,1,1,1
US-0147,REL-X4,Release X+4,Cards,Sync Cards Settings,M,As an admin I can sync cards settings [4],Feature,Android,NON-S-2,Non-Scrum,3,Overseas,2,15,2026-06-15,2026-06-28,10.7,0.6,12.0,12.1,3,Yes,Completed,0,1.0,2,1,0
US-0247,REL-X6,Release X+6,Transfers,Display Transfers Settings,M,As an admin I can display transfers settings [3],Defect,iOS,SCRUM-1,Scrum,8,NZ,8,15,2026-09-14,2026-09-27,57.8,40.3,122.8,112.5,3,Yes,Not Started,2,0.0,2,1,1
US-0264,REL-X6,Release X+6,Reporting,Review Reporting Dashboard,L,Add support for review reporting dashboard [4],Enhancement,Android,NON-S-2,Non-Scrum,3,Overseas,5,15,2026-09-14,2026-09-27,32.0,3.7,37.4,16.9,4,Yes,Not Started,1,1.0,3,1,0
US-0259,REL-X6,Release X+6,Transfers,Update Transfers Alert,L,Implement update transfers alert [5],Feature,Platform,SCRUM-1,Scrum,8,NZ,5,15,2026-09-14,2026-09-27,31.9,1.7,32.1,0.6,5,Yes,In Progress,0,2.0,3,1,1
US-0236,REL-X6,Release X+6,Notifications,Review Notifications Summary,L,User is able to review notifications summary [1],Feature,Android,NON-S-2,Non-Scrum,3,Overseas,5,15,2026-09-14,2026-09-27,37.0,3.9,41.4,,5,Yes,Completed,0,1.0,3,1,0
US-0165,REL-X4,Release X+4,Cards,Sync Cards Details,L,As a user I can sync cards details [8],Feature,iOS,SCRUM-1,Scrum,8,NZ,5,15,2026-06-15,2026-06-28,28.0,1.6,31.7,13.2,6,Yes,Completed,0,0.0,3,1,1
US-0122,REL-X4,Release X+4,Transfers,Export Transfers Summary,M,As a user I can export transfers summary [3],Feature,Android,SCRUM-4,Scrum,8,NZ,3,15,2026-06-15,2026-06-28,17.8,1.2,18.3,2.8,6,Yes,In Progress,0,1.0,2,1,1
US-0126,REL-X4,Release X+4,Accounts,Display Accounts Settings,M,Enable display accounts settings [1],Feature,iOS,SCRUM-4,Scrum,8,NZ,3,15,2026-06-15,2026-06-28,21.5,2.2,25.6,19.1,3,Yes,Completed,0,0.0,2,1,1
US-0212,REL-X5,Release X+5,Notifications,Update Notifications Details,L,System should update notifications details [4],Enhancement,Android,SCRUM-4,Scrum,8,NZ,2,15,2026-07-27,2026-08-09,13.1,1.8,15.0,14.5,6,Yes,Completed,1,1.0,3,1,1
US-0208,REL-X5,Release X+5,Cards,Send Cards Module,L,Enable send cards module [5],Feature,Platform,NON-S-1,Non-Scrum,10,NZ,8,15,2026-07-27,2026-08-09,42.4,2.5,44.6,5.2,3,No,Completed,0,2.0,3,0,0
US-0292,REL-X6,Release X+6,Payments,Send Payments Dashboard,L,Enable send payments dashboard [5],Enhancement,Android,SCRUM-2,Scrum,8,NZ,21,15,2026-09-14,2026-09-27,115.2,20.3,139.3,20.9,3,No,Completed,1,1.0,3,0,1
US-0127,REL-X4,Release X+4,Accounts,Display Accounts Settings,M,System should display accounts settings [2],Feature,iOS,SCRUM-4,Scrum,8,NZ,3,15,2026-06-15,2026-06-28,18.6,0.5,18.8,1.1,3,Yes,In Progress,0,0.0,2,1,1
US-0148,REL-X4,Release X+4,Cards,Sync Cards Settings,M,Add support for sync cards settings [5],Feature,Android,NON-S-2,Non-Scrum,3,Overseas,5,15,2026-06-15,2026-06-28,28.8,0.0,33.0,14.6,4,Yes,In Progress,0,1.0,2,1,0
US-0278,REL-X6,Release X+6,Payments,Sync Payments Settings,M,Enable sync payments settings [5],Defect,Platform,SCRUM-4,Scrum,8,NZ,8,15,2026-09-14,2026-09-27,41.2,29.1,92.2,123.8,3,Yes,Completed,2,2.0,2,1,1
US-0211,REL-X5,Release X+5,Notifications,Update Notifications Details,L,System should update notifications details [3],Enhancement,Android,SCRUM-4,Scrum,8,NZ,3,15,2026-07-27,2026-08-09,21.5,2.3,25.5,18.6,5,Yes,Completed,1,1.0,3,1,1
US-0207,REL-X5,Release X+5,Cards,Send Cards Module,L,Enable send cards module [4],Feature,,NON-S-1,Non-Scrum,10,NZ,5,15,2026-07-27,2026-08-09,31.7,1.1,31.3,-1.3,3,No,Not Started,0,,3,0,0
US-0261,REL-X6,Release X+6,Reporting,Review Reporting Dashboard,L,System should review reporting dashboard [1],Enhancement,Android,NON-S-2,Non-Scrum,3,Overseas,2,16,2026-09-28,2026-10-11,10.6,0.6,12.0,13.2,6,Yes,Completed,1,1.0,3,1,0
US-0200,REL-X5,Release X+5,Cards,Configure Cards History,M,System should configure cards history [2],Feature,Platform,SCRUM-3,Scrum,10,NZ,2,16,2026-08-10,2026-08-23,10.0,1.3,11.3,13.0,3,Yes,In Progress,0,2.0,2,1,1
US-0130,REL-X4,Release X+4,Accounts,Display Accounts Settings,M,System should display accounts settings [5],Feature,iOS,SCRUM-4,Scrum,8,NZ,5,16,2026-06-29,2026-07-12,36.3,3.3,37.8,4.1,5,Yes,Completed,0,0.0,2,1,1
US-0244,REL-X6,Release X+6,Transfers,Sync Transfers Alert,M,System should sync transfers alert [3],Defect,iOS,NON-S-2,Non-Scrum,3,Overseas,3,16,2026-09-28,2026-10-11,19.7,6.2,31.2,58.4,6,Yes,In Progress,2,0.0,2,1,0
US-0206,REL-X5,Release X+5,Cards,Send Cards Module,L,Implement send cards module [3],Feature,Platform,NON-S-1,Non-Scrum,10,NZ,3,16,2026-08-10,2026-08-23,22.4,2.8,25.8,15.2,3,Yes,Not Started,0,2.0,3,1,0
US-0221,REL-X6,Release X+6,Notifications,Update Notifications History,M,As an admin I can update notifications history [3],Feature,iOS,SCRUM-1,Scrum,8,NZ,1,16,2026-09-28,2026-10-11,5.4,0.6,5.8,7.4,4,Yes,Not Started,0,0.0,2,1,1
US-0139,REL-X4,Release X+4,Accounts,Configure Accounts Screen,L,Add support for configure accounts screen [2],Defect,iOS,NON-S-2,Non-Scrum,3,Overseas,5,16,2026-06-29,2026-07-12,25.7,9.5,49.1,91.1,4,Yes,Completed,2,0.0,3,1,0
US-0151,REL-X4,Release X+4,Cards,Review Cards Flow,L,As an admin I can review cards flow [2],Defect,Android,SCRUM-3,Scrum,10,NZ,5,16,2026-06-29,2026-07-12,34.5,21.8,70.4,104.1,3,Yes,In Progress,2,1.0,3,1,1
US-0150,REL-X4,Release X+4,Cards,Review Cards Flow,L,System should review cards flow [1],Defect,Android,SCRUM-3,Scrum,10,NZ,8,16,2026-06-29,2026-07-12,58.8,28.4,99.3,68.9,6,Yes,In Progress,2,1.0,3,1,1
US-0232,REL-X6,Release X+6,Notifications,Export Notifications Alert,M,Implement export notifications alert [3],Defect,Android,NON-S-2,Non-Scrum,3,Overseas,5,16,2026-09-28,2026-10-11,30.7,22.2,70.9,130.9,5,Yes,In Progress,2,1.0,2,1,0
US-0231,REL-X6,Release X+6,Notifications,Export Notifications Alert,M,Enable export notifications alert [2],Defect,Android,NON-S-2,Non-Scrum,3,Overseas,5,16,2026-09-28,2026-10-11,29.8,17.9,59.9,101.0,6,Yes,Completed,2,1.0,2,1,0
US-0277,REL-X6,Release X+6,Payments,Sync Payments Settings,M,As an admin I can sync payments settings [4],Defect,Platform,SCRUM-4,Scrum,8,NZ,5,16,2026-09-28,2026-10-11,33.9,13.6,56.1,65.5,4,Yes,Not Started,2,2.0,2,1,1
US-0195,REL-X5,Release X+5,Transfers,Review Transfers Flow,M,Enable review transfers flow [4],Enhancement,Platform,NON-S-2,Non-Scrum,3,Overseas,5,16,2026-08-10,2026-08-23,33.5,5.2,41.9,25.1,4,Yes,In Progress,1,2.0,2,1,0
US-0272,REL-X6,Release X+6,Reporting,Sync Reporting Module,M,As a user I can sync reporting module [5],Feature,Platform,SCRUM-4,Scrum,8,NZ,3,16,2026-09-28,2026-10-11,15.1,0.9,16.7,10.6,4,Yes,Completed,0,2.0,2,1,1
US-0294,REL-X6,Release X+6,Payments,Send Payments Dashboard,L,Implement send payments dashboard [7],Enhancement,Android,SCRUM-2,Scrum,8,NZ,8,16,2026-09-28,2026-10-11,52.0,4.4,59.8,15.0,5,Yes,Completed,1,1.0,3,1,1
US-0185,REL-X5,Release X+5,Reporting,Manage Reporting Summary,L,Add support for manage reporting summary [3],Feature,Android,NON-S-2,Non-Scrum,3,Overseas,3,16,2026-08-10,2026-08-23,19.1,1.2,21.3,11.5,4,Yes,Completed,0,1.0,3,1,0
US-0252,REL-X6,Release X+6,Transfers,Review Transfers Flow,L,Implement review transfers flow [5],Defect,Android,SCRUM-3,Scrum,10,NZ,5,16,2026-09-28,2026-10-11,32.2,18.5,62.5,94.1,5,Yes,In Progress,2,1.0,3,1,1
US-0157,REL-X4,Release X+4,Cards,Manage Cards Screen,M,Add support for manage cards screen [3],Defect,iOS,SCRUM-3,Scrum,10,NZ,3,16,2026-06-29,2026-07-12,19.5,13.8,43.0,120.5,4,Yes,In Progress,2,0.0,2,1,1
US-0119,REL-X4,Release X+4,Transfers,Sync Transfers Module,S,As a user I can sync transfers module [2],Enhancement,Android,NON-S-1,Non-Scrum,10,NZ,5,16,2026-06-29,2026-07-12,33.8,1.9,36.3,7.4,3,No,In Progress,1,1.0,1,0,0
US-0301,REL-X6,Release X+6,Authentication,Process Authentication Module,M,User is able to process authentication module [1],Enhancement,Android,NON-S-1,Non-Scrum,10,NZ,8,16,2026-09-28,2026-10-11,48.9,7.0,62.8,28.4,4,Yes,In Progress,1,1.0,2,1,0
US-0144,REL-X4,Release X+4,Cards,Sync Cards Settings,M,User is able to sync cards settings [1],Feature,Android,NON-S-2,Non-Scrum,3,Overseas,5,16,2026-06-29,2026-07-12,28.9,2.1,33.2,14.9,5,Yes,Completed,0,1.0,2,1,0
US-0118,REL-X4,Release X+4,Transfers,Sync Transfers Module,S,User is able to sync transfers module [1],Enhancement,Android,NON-S-1,Non-Scrum,10,NZ,3,16,2026-06-29,2026-07-12,20.2,2.5,24.2,19.8,4,Yes,In Progress,1,1.0,1,1,0
US-0248,REL-X6,Release X+6,Transfers,Review Transfers Flow,L,Implement review transfers flow [1],Defect,Android,SCRUM-3,Scrum,10,NZ,8,17,2026-10-12,2026-10-25,52.4,23.1,90.2,72.1,4,Yes,In Progress,2,1.0,3,1,1
US-0234,REL-X6,Release X+6,Notifications,Export Notifications Alert,M,Add support for export notifications alert [5],Defect,Android,NON-S-2,Non-Scrum,3,Overseas,5,17,2026-10-12,2026-10-25,34.8,13.7,59.3,70.4,3,Yes,In Progress,2,1.0,2,1,0
US-0245,REL-X6,Release X+6,Transfers,Display Transfers Settings,M,As a user I can display transfers settings [1],Defect,iOS,SCRUM-1,Scrum,8,NZ,3,17,2026-10-12,2026-10-25,21.2,10.5,39.0,84.0,5,Yes,Not Started,2,0.0,2,1,1
US-0227,REL-X6,Release X+6,Notifications,Verify Notifications Report,L,User is able to verify notifications report [5],Feature,iOS,SCRUM-4,Scrum,8,NZ,5,17,2026-10-12,2026-10-25,26.6,2.7,31.9,19.9,3,Yes,Completed,0,0.0,3,1,1
US-0154,REL-X4,Release X+4,Cards,Review Cards Flow,L,As a user I can review cards flow [5],Defect,Android,SCRUM-3,Scrum,10,NZ,5,17,2026-07-13,2026-07-26,28.1,15.7,57.0,102.8,6,Yes,Completed,2,1.0,3,1,1
US-0198,REL-X5,Release X+5,Cards,Verify Cards Alert,M,As an admin I can verify cards alert [3],Feature,iOS,SCRUM-2,Scrum,8,NZ,8,17,2026-08-24,2026-09-06,40.3,2.7,41.3,2.5,6,Yes,In Progress,0,0.0,2,1,1
US-0152,REL-X4,Release X+4,Cards,Review Cards Flow,L,User is able to review cards flow [3],Defect,Android,SCRUM-3,Scrum,10,NZ,5,17,2026-07-13,2026-07-26,32.2,17.3,66.9,107.8,5,Yes,Completed,2,1.0,3,1,1
US-0283,REL-X6,Release X+6,Payments,Verify Payments Screen,M,As an admin I can verify payments screen [4],Feature,Platform,SCRUM-1,Scrum,8,NZ,3,17,2026-10-12,2026-10-25,16.4,1.2,17.2,4.9,6,Yes,In Progress,0,2.0,2,1,1
US-0281,REL-X6,Release X+6,Payments,Verify Payments Screen,M,As a user I can verify payments screen [2],Feature,Platform,SCRUM-1,Scrum,8,NZ,2,17,2026-10-12,2026-10-25,11.0,1.4,12.0,9.1,3,Yes,Completed,0,2.0,2,1,1
US-0279,REL-X6,Release X+6,Payments,Sync Payments Settings,M,User is able to sync payments settings [6],Defect,,SCRUM-4,Scrum,8,NZ,8,17,2026-10-12,2026-10-25,54.0,31.5,109.1,102.0,5,Yes,Completed,2,,2,1,1
US-0174,REL-X5,Release X+5,Authentication,Sync Authentication Module,L,Add support for sync authentication module [5],Feature,Platform,NON-S-2,Non-Scrum,3,Overseas,2,17,2026-08-24,2026-09-06,11.9,0.0,12.7,6.7,4,Yes,Completed,0,2.0,3,1,0
US-0176,REL-X5,Release X+5,Authentication,Sync Authentication Module,L,Add support for sync authentication module [7],Feature,Platform,NON-S-2,Non-Scrum,3,Overseas,5,17,2026-08-24,2026-09-06,32.6,4.7,37.2,14.1,4,Yes,In Progress,0,2.0,3,1,0
US-0178,REL-X5,Release X+5,Authentication,Manage Authentication History,S,System should manage authentication history [2],Feature,Android,SCRUM-3,Scrum,10,NZ,1,17,2026-08-24,2026-09-06,6.1,0.7,7.1,16.4,3,Yes,Completed,0,1.0,1,1,1
US-0258,REL-X6,Release X+6,Transfers,Update Transfers Alert,L,Add support for update transfers alert [4],Feature,Platform,SCRUM-1,Scrum,8,NZ,8,17,2026-10-12,2026-10-25,46.2,3.4,51.3,11.0,3,No,Completed,0,2.0,3,0,1
US-0182,REL-X5,Release X+5,Reporting,Manage Reporting Module,M,System should manage reporting module [4],Enhancement,Platform,SCRUM-3,Scrum,10,NZ,3,17,2026-08-24,2026-09-06,19.7,1.7,23.6,19.8,3,Yes,In Progress,1,2.0,2,1,1
US-0146,REL-X4,Release X+4,Cards,Sync Cards Settings,M,As a user I can sync cards settings [3],Feature,Android,NON-S-2,Non-Scrum,3,Overseas,5,17,2026-07-13,2026-07-26,31.0,3.4,33.4,7.7,4,Yes,In Progress,0,1.0,2,1,0
US-0197,REL-X5,Release X+5,Cards,Verify Cards Alert,M,System should verify cards alert [2],Feature,iOS,SCRUM-2,Scrum,8,NZ,5,17,2026-08-24,2026-09-06,29.3,1.8,30.7,4.8,3,Yes,In Progress,0,0.0,2,1,1
US-0251,REL-X6,Release X+6,Transfers,Review Transfers Flow,L,Implement review transfers flow [4],Defect,Android,SCRUM-3,Scrum,10,NZ,3,18,2026-10-26,2026-11-08,15.6,8.1,30.0,92.3,5,Yes,Completed,2,1.0,3,1,1
US-0269,REL-X6,Release X+6,Reporting,Sync Reporting Module,M,System should sync reporting module [2],Feature,Platform,SCRUM-4,Scrum,8,NZ,2,18,2026-10-26,2026-11-08,14.4,0.9,14.8,2.8,5,Yes,Not Started,0,2.0,2,1,1
US-0310,REL-X7,Release X+7,Cards,Configure Cards Module,M,Enable configure cards module [4],Defect,Platform,SCRUM-4,Scrum,8,NZ,8,18,2026-11-30,2026-12-13,58.6,34.7,109.3,86.5,3,Yes,Not Started,2,2.0,2,1,1
US-0268,REL-X6,Release X+6,Reporting,Sync Reporting Module,M,Implement sync reporting module [1],Feature,Platform,SCRUM-4,Scrum,8,NZ,3,18,2026-10-26,2026-11-08,17.5,1.9,19.3,10.3,3,Yes,In Progress,0,2.0,2,1,1
US-0311,REL-X7,Release X+7,Cards,Configure Cards Module,M,As an admin I can configure cards module [5],Defect,Platform,SCRUM-4,Scrum,8,NZ,8,18,2026-11-30,2026-12-13,43.8,19.3,81.0,84.9,6,Yes,Completed,2,2.0,2,1,1
US-0306,REL-X6,Release X+6,Authentication,Process Authentication Module,M,As a user I can process authentication module [6],Enhancement,Android,NON-S-1,Non-Scrum,10,NZ,3,18,2026-10-26,2026-11-08,22.1,4.2,27.5,24.4,4,Yes,Not Started,1,1.0,2,1,0
US-0270,REL-X6,Release X+6,Reporting,Sync Reporting Module,M,As an admin I can sync reporting module [3],Feature,Platform,SCRUM-4,Scrum,8,NZ,8,18,2026-10-26,2026-11-08,52.2,6.1,62.9,20.5,4,Yes,Completed,0,2.0,2,1,1
US-0314,REL-X7,Release X+7,Cards,Review Cards Settings,M,Add support for review cards settings [2],Enhancement,Platform,NON-S-2,Non-Scrum,3,Overseas,3,18,2026-11-30,2026-12-13,15.5,1.9,19.5,25.8,3,Yes,In Progress,1,2.0,2,1,0
US-0339,REL-X7,Release X+7,Onboarding,Display Onboarding Module,L,System should display onboarding module [5],Enhancement,Platform,NON-S-1,Non-Scrum,10,NZ,3,18,2026-11-30,2026-12-13,21.9,1.1,23.2,5.9,6,Yes,Completed,1,2.0,3,1,0
US-0202,REL-X5,Release X+5,Cards,Export Cards Dashboard,S,Add support for export cards dashboard [1],Feature,Platform,SCRUM-4,Scrum,8,NZ,3,18,2026-09-07,2026-09-20,18.7,2.0,22.4,19.8,6,Yes,In Progress,0,2.0,1,1,1
US-0290,REL-X6,Release X+6,Payments,Send Payments Dashboard,L,Enable send payments dashboard [3],Enhancement,Android,SCRUM-2,Scrum,8,NZ,2,18,2026-10-26,2026-11-08,12.0,2.2,14.4,20.0,5,Yes,Completed,1,1.0,3,1,1
US-0364,REL-X7,Release X+7,Accounts,Manage Accounts Dashboard,M,Implement manage accounts dashboard [6],Feature,Android,SCRUM-4,Scrum,8,NZ,3,18,2026-11-30,2026-12-13,17.8,2.2,19.5,9.6,5,Yes,Completed,0,1.0,2,1,1
US-0183,REL-X5,Release X+5,Reporting,Manage Reporting Summary,L,As a user I can manage reporting summary [1],Feature,Android,NON-S-2,Non-Scrum,3,Overseas,3,18,2026-09-07,2026-09-20,21.1,2.2,25.2,19.4,6,Yes,Not Started,0,1.0,3,1,0
US-0365,REL-X7,Release X+7,Notifications,Verify Notifications Report,M,As an admin I can verify notifications report [1],Enhancement,Android,NON-S-2,Non-Scrum,3,Overseas,5,18,2026-11-30,2026-12-13,35.6,6.8,47.4,33.1,3,Yes,Completed,1,1.0,2,1,0
US-0228,REL-X6,Release X+6,Notifications,Verify Notifications Report,L,As an admin I can verify notifications report [6],Feature,iOS,SCRUM-4,Scrum,8,NZ,8,18,2026-10-26,2026-11-08,43.7,4.6,47.6,8.9,3,No,Completed,0,0.0,3,0,1
US-0240,REL-X6,Release X+6,Notifications,Review Notifications Summary,L,User is able to review notifications summary [5],Feature,Android,NON-S-2,Non-Scrum,3,Overseas,5,18,2026-10-26,2026-11-08,34.4,3.4,37.6,9.3,6,Yes,Completed,0,1.0,3,1,0
US-0319,REL-X7,Release X+7,Reporting,Verify Reporting Flow,M,As a user I can verify reporting flow [1],Feature,iOS,NON-S-2,Non-Scrum,3,Overseas,5,18,2026-11-30,2026-12-13,34.5,3.6,38.1,10.4,4,Yes,Not Started,0,0.0,2,1,0
US-0318,REL-X7,Release X+7,Cards,Review Cards Settings,M,Add support for review cards settings [6],Enhancement,Platform,NON-S-2,Non-Scrum,3,Overseas,3,18,2026-11-30,2026-12-13,20.8,2.5,24.0,15.4,6,Yes,Completed,1,2.0,2,1,0
US-0366,REL-X7,Release X+7,Notifications,Verify Notifications Report,M,User is able to verify notifications report [2],Enhancement,Android,NON-S-2,Non-Scrum,3,Overseas,2,18,2026-11-30,2026-12-13,11.1,0.0,12.9,16.2,4,Yes,Completed,1,1.0,2,1,0
US-0323,REL-X7,Release X+7,Reporting,Verify Reporting Flow,M,As a user I can verify reporting flow [5],Feature,iOS,NON-S-2,Non-Scrum,3,Overseas,1,18,2026-11-30,2026-12-13,6.2,0.8,7.1,14.5,6,Yes,Completed,0,0.0,2,1,0
US-0173,REL-X5,Release X+5,Authentication,Sync Authentication Module,L,As a user I can sync authentication module [4],Feature,Platform,NON-S-2,Non-Scrum,3,Overseas,5,19,2026-09-21,2026-10-04,34.5,5.0,40.5,,4,Yes,Completed,0,2.0,3,1,0
US-0171,REL-X5,Release X+5,Authentication,Sync Authentication Module,L,Enable sync authentication module [2],Feature,Platform,NON-S-2,Non-Scrum,3,Overseas,21,19,2026-09-21,2026-10-04,148.3,5.7,149.4,0.7,3,Yes,Completed,0,2.0,3,1,0
US-0175,REL-X5,Release X+5,Authentication,Sync Authentication Module,L,Add support for sync authentication module [6],Feature,Platform,NON-S-2,Non-Scrum,3,Overseas,8,19,2026-09-21,2026-10-04,50.8,3.8,59.0,16.1,3,Yes,Completed,0,2.0,3,1,0
US-0358,REL-X7,Release X+7,Accounts,Verify Accounts History,M,Implement verify accounts history [3],Enhancement,iOS,SCRUM-2,Scrum,8,NZ,5,19,2026-12-14,2026-12-27,26.0,0.0,31.7,21.9,3,Yes,Completed,1,0.0,2,1,1
US-0180,REL-X5,Release X+5,Reporting,Manage Reporting Module,M,Add support for manage reporting module [2],Enhancement,Platform,SCRUM-3,Scrum,10,NZ,5,19,2026-09-21,2026-10-04,35.8,6.0,45.2,26.3,3,Yes,Completed,1,2.0,2,1,1
US-0300,REL-X6,Release X+6,Authentication,Review Authentication Settings,M,Enable review authentication settings [3],Feature,Platform,SCRUM-2,Scrum,8,NZ,3,19,2026-11-09,2026-11-22,18.6,2.4,20.6,10.8,4,Yes,Completed,0,2.0,2,1,1
US-0186,REL-X5,Release X+5,Reporting,Manage Reporting Summary,L,As a user I can manage reporting summary [4],Feature,Android,NON-S-2,Non-Scrum,3,Overseas,3,19,2026-09-21,2026-10-04,20.8,2.3,22.7,9.1,3,Yes,Not Started,0,1.0,3,1,0
US-0190,REL-X5,Release X+5,Transfers,Manage Transfers Details,M,As a user I can manage transfers details [2],Defect,iOS,SCRUM-3,Scrum,10,NZ,5,19,2026-09-21,2026-10-04,33.3,11.7,60.9,82.9,4,Yes,Completed,2,0.0,2,1,1
US-0168,REL-X5,Release X+5,Authentication,Display Authentication Settings,M,As a user I can display authentication settings [3],Feature,iOS,SCRUM-2,Scrum,8,NZ,13,19,2026-09-21,2026-10-04,81.8,8.9,98.2,20.0,6,Yes,Completed,0,0.0,2,1,1
US-0276,REL-X6,Release X+6,Payments,Sync Payments Settings,M,System should sync payments settings [3],Defect,Platform,SCRUM-4,Scrum,8,NZ,5,19,2026-11-09,2026-11-22,27.8,14.0,55.8,,5,Yes,In Progress,2,2.0,2,1,1
US-0313,REL-X7,Release X+7,Cards,Review Cards Settings,M,As an admin I can review cards settings [1],Enhancement,Platform,NON-S-2,Non-Scrum,3,Overseas,5,19,2026-12-14,2026-12-27,35.8,4.2,42.7,19.3,3,Yes,Completed,1,2.0,2,1,0
US-0287,REL-X6,Release X+6,Payments,Manage Payments Report,M,As an admin I can manage payments report [4],Defect,Platform,NON-S-2,Non-Scrum,3,Overseas,13,19,2026-11-09,2026-11-22,86.4,0.0,143.9,66.6,3,Yes,Completed,2,2.0,2,1,0
US-0303,REL-X6,Release X+6,Authentication,Process Authentication Module,M,User is able to process authentication module [3],Enhancement,Android,NON-S-1,Non-Scrum,10,NZ,3,19,2026-11-09,2026-11-22,17.4,0.0,18.5,6.3,4,Yes,Completed,1,1.0,2,1,0
US-0209,REL-X5,Release X+5,Notifications,Update Notifications Details,L,User is able to update notifications details [1],Enhancement,Android,SCRUM-4,Scrum,8,NZ,3,19,2026-09-21,2026-10-04,21.1,0.0,23.9,13.3,3,Yes,Completed,1,1.0,3,1,1
US-0312,REL-X7,Release X+7,Cards,Configure Cards Module,M,As a user I can configure cards module [6],Defect,Platform,SCRUM-4,Scrum,8,NZ,3,19,2026-12-14,2026-12-27,15.5,9.1,29.2,88.4,3,Yes,Not Started,2,2.0,2,1,1
US-0304,REL-X6,Release X+6,Authentication,Process Authentication Module,M,System should process authentication module [4],Enhancement,Android,NON-S-1,Non-Scrum,10,NZ,8,19,2026-11-09,2026-11-22,40.9,2.9,45.3,10.8,5,Yes,Not Started,1,1.0,2,1,0
US-0218,REL-X5,Release X+5,Notifications,Send Notifications History,S,Add support for send notifications history [3],Feature,iOS,SCRUM-2,Scrum,8,NZ,3,19,2026-09-21,2026-10-04,21.4,2.6,23.4,9.3,4,Yes,Completed,0,0.0,1,1,1
US-0219,REL-X6,Release X+6,Notifications,Update Notifications History,M,Implement update notifications history [1],Feature,iOS,SCRUM-1,Scrum,8,NZ,8,19,2026-11-09,2026-11-22,53.6,7.2,62.6,16.8,3,No,Not Started,0,0.0,2,0,1
US-0340,REL-X7,Release X+7,Onboarding,Configure Onboarding Summary,L,As a user I can configure onboarding summary [1],Enhancement,iOS,NON-S-2,Non-Scrum,3,Overseas,3,19,2026-12-14,2026-12-27,15.6,1.2,17.9,14.7,3,Yes,In Progress,1,0.0,3,1,0
US-0239,REL-X6,Release X+6,Notifications,Review Notifications Summary,L,Implement review notifications summary [4],Feature,Android,NON-S-2,Non-Scrum,3,Overseas,5,19,2026-11-09,2026-11-22,30.3,4.4,33.6,10.9,4,Yes,Not Started,0,1.0,3,1,0
US-0322,REL-X7,Release X+7,Reporting,Verify Reporting Flow,M,As an admin I can verify reporting flow [4],Feature,iOS,NON-S-2,Non-Scrum,3,Overseas,1,19,2026-12-14,2026-12-27,6.1,0.7,7.4,21.3,5,Yes,Completed,0,0.0,2,1,0
US-0328,REL-X7,Release X+7,Reporting,Verify Reporting History,M,As an admin I can verify reporting history [5],Enhancement,Platform,SCRUM-3,Scrum,10,NZ,5,19,2026-12-14,2026-12-27,33.9,5.8,44.5,,6,Yes,Completed,1,2.0,2,1,1
US-0327,REL-X7,Release X+7,Reporting,Verify Reporting History,M,Enable verify reporting history [4],Enhancement,Platform,SCRUM-3,Scrum,10,NZ,5,19,2026-12-14,2026-12-27,31.8,2.0,37.3,17.3,6,Yes,Completed,1,2.0,2,1,1
US-0249,REL-X6,Release X+6,Transfers,Review Transfers Flow,L,Implement review transfers flow [2],Defect,Android,SCRUM-3,Scrum,10,NZ,13,19,2026-11-09,2026-11-22,89.5,0.0,178.9,99.9,6,Yes,In Progress,2,1.0,3,1,1
US-0370,REL-X7,Release X+7,Notifications,Configure Notifications Summary,S,System should configure notifications summary [3],Feature,Platform,SCRUM-2,Scrum,8,NZ,1,20,2026-12-28,2027-01-10,6.2,0.5,6.7,8.1,4,Yes,Completed,0,2.0,1,1,1
US-0302,REL-X6,Release X+6,Authentication,Process Authentication Module,M,Implement process authentication module [2],Enhancement,Android,NON-S-1,Non-Scrum,10,NZ,8,20,2026-11-23,2026-12-06,42.0,5.4,51.6,22.9,4,Yes,Not Started,1,1.0,2,1,0
US-0355,REL-X7,Release X+7,Accounts,Export Accounts Dashboard,L,As a user I can export accounts dashboard [8],Feature,iOS,SCRUM-4,Scrum,8,NZ,5,20,2026-12-28,2027-01-10,29.4,2.0,31.9,8.5,4,Yes,Completed,0,0.0,3,1,1
US-0299,REL-X6,Release X+6,Authentication,Review Authentication Settings,M,Enable review authentication settings [2],Feature,Platform,SCRUM-2,Scrum,8,NZ,13,20,2026-11-23,2026-12-06,80.5,9.0,86.2,,6,Yes,Completed,0,2.0,2,1,1
US-0341,REL-X7,Release X+7,Onboarding,Configure Onboarding Summary,L,As a user I can configure onboarding summary [2],Enhancement,iOS,NON-S-2,Non-Scrum,3,Overseas,8,20,2026-12-28,2027-01-10,43.0,0.0,53.7,24.9,5,Yes,Not Started,1,0.0,3,1,0
US-0335,REL-X7,Release X+7,Onboarding,Display Onboarding Module,L,User is able to display onboarding module [1],Enhancement,Platform,NON-S-1,Non-Scrum,10,NZ,3,20,2026-12-28,2027-01-10,16.1,1.1,18.3,13.7,4,Yes,Completed,1,2.0,3,1,0
US-0296,REL-X6,Release X+6,Authentication,Display Authentication Settings,S,System should display authentication settings [2],Enhancement,iOS,NON-S-1,Non-Scrum,10,NZ,5,20,2026-11-23,2026-12-06,25.3,3.4,28.8,13.8,5,Yes,Completed,1,0.0,1,1,0
US-0224,REL-X6,Release X+6,Notifications,Verify Notifications Report,L,System should verify notifications report [2],Feature,iOS,SCRUM-4,Scrum,8,NZ,3,20,2026-11-23,2026-12-06,20.4,1.9,21.7,6.4,6,Yes,Completed,0,0.0,3,1,1
US-0285,REL-X6,Release X+6,Payments,Manage Payments Report,M,System should manage payments report [2],Defect,Platform,NON-S-2,Non-Scrum,3,Overseas,3,20,2026-11-23,2026-12-06,19.2,15.3,45.7,138.0,3,Yes,In Progress,2,2.0,2,1,0
US-0233,REL-X6,Release X+6,Notifications,Export Notifications Alert,M,System should export notifications alert [4],Defect,Android,NON-S-2,Non-Scrum,3,Overseas,5,20,2026-11-23,2026-12-06,32.2,20.3,71.5,122.0,4,Yes,In Progress,2,1.0,2,1,0
US-0222,REL-X6,Release X+6,Notifications,Update Notifications History,M,As an admin I can update notifications history [4],Feature,iOS,SCRUM-1,Scrum,8,NZ,3,20,2026-11-23,2026-12-06,17.2,0.5,18.3,6.4,6,Yes,Completed,0,0.0,2,1,1
US-0243,REL-X6,Release X+6,Transfers,Sync Transfers Alert,M,Add support for sync transfers alert [2],Defect,iOS,NON-S-2,Non-Scrum,3,Overseas,8,20,2026-11-23,2026-12-06,50.5,0.0,85.5,69.3,3,Yes,Completed,2,0.0,2,1,0
US-0216,REL-X5,Release X+5,Notifications,Send Notifications History,S,Add support for send notifications history [1],Feature,iOS,SCRUM-2,Scrum,8,NZ,5,20,2026-10-05,2026-10-18,28.0,2.5,30.2,7.9,6,Yes,Completed,0,0.0,1,1,1
US-0204,REL-X5,Release X+5,Cards,Send Cards Module,L,User is able to send cards module [1],Feature,Platform,NON-S-1,Non-Scrum,10,NZ,3,20,2026-10-05,2026-10-18,17.2,2.2,21.0,22.1,5,Yes,Completed,0,2.0,3,1,0
US-0220,REL-X6,Release X+6,Notifications,Update Notifications History,M,User is able to update notifications history [2],Feature,iOS,SCRUM-1,Scrum,8,NZ,3,20,2026-11-23,2026-12-06,15.8,1.1,18.0,,5,Yes,Completed,0,0.0,2,1,1
US-0242,REL-X6,Release X+6,Transfers,Sync Transfers Alert,M,Add support for sync transfers alert [1],Defect,iOS,NON-S-2,Non-Scrum,3,Overseas,5,20,2026-11-23,2026-12-06,34.0,14.9,69.1,103.2,3,Yes,Completed,2,0.0,2,1,0
US-0169,REL-X5,Release X+5,Authentication,Display Authentication Settings,M,As a user I can display authentication settings [4],Feature,iOS,SCRUM-2,Scrum,8,NZ,3,20,2026-10-05,2026-10-18,20.4,2.4,22.2,8.8,3,Yes,Completed,0,0.0,2,1,1
US-0187,REL-X5,Release X+5,Reporting,Manage Reporting Summary,L,System should manage reporting summary [5],Feature,Android,NON-S-2,Non-Scrum,3,Overseas,8,20,2026-10-05,2026-10-18,59.6,2.8,62.9,5.5,3,Yes,Completed,0,1.0,3,1,0
US-0181,REL-X5,Release X+5,Reporting,Manage Reporting Module,M,As an admin I can manage reporting module [3],Enhancement,Platform,SCRUM-3,Scrum,10,NZ,5,20,2026-10-05,2026-10-18,37.0,6.0,44.7,20.8,4,Yes,In Progress,1,2.0,2,1,1
US-0170,REL-X5,Release X+5,Authentication,Sync Authentication Module,L,As a user I can sync authentication module [1],Feature,Platform,NON-S-2,Non-Scrum,3,Overseas,8,20,2026-10-05,2026-10-18,54.3,5.8,63.2,16.4,3,Yes,In Progress,0,2.0,3,1,0
US-0199,REL-X5,Release X+5,Cards,Configure Cards History,M,System should configure cards history [1],Feature,Platform,SCRUM-3,Scrum,10,NZ,8,20,2026-10-05,2026-10-18,54.7,3.8,61.0,11.5,3,Yes,Not Started,0,2.0,2,1,1
US-0320,REL-X7,Release X+7,Reporting,Verify Reporting Flow,M,Add support for verify reporting flow [2],Feature,iOS,NON-S-2,Non-Scrum,3,Overseas,5,21,2027-01-11,2027-01-24,33.7,2.8,35.0,3.9,6,Yes,Not Started,0,0.0,2,1,0
US-0321,REL-X7,Release X+7,Reporting,Verify Reporting Flow,M,Implement verify reporting flow [3],Feature,iOS,NON-S-2,Non-Scrum,3,Overseas,3,21,2027-01-11,2027-01-24,15.8,1.1,16.4,3.8,5,Yes,Completed,0,0.0,2,1,0
US-0230,REL-X6,Release X+6,Notifications,Export Notifications Alert,M,Add support for export notifications alert [1],Defect,Android,NON-S-2,Non-Scrum,3,Overseas,3,21,2026-12-07,2026-12-20,16.5,11.9,36.4,120.6,6,Yes,Completed,2,1.0,2,1,0
US-0229,REL-X6,Release X+6,Notifications,Verify Notifications Report,L,User is able to verify notifications report [7],Feature,iOS,SCRUM-4,Scrum,8,NZ,1,21,2026-12-07,2026-12-20,5.2,0.8,5.8,11.5,4,Yes,Completed,0,0.0,3,1,1
US-0362,REL-X7,Release X+7,Accounts,Manage Accounts Dashboard,M,As an admin I can manage accounts dashboard [4],Feature,Android,SCRUM-4,Scrum,8,NZ,1,21,2027-01-11,2027-01-24,6.7,0.2,7.4,10.4,5,Yes,Completed,0,1.0,2,1,1
US-0333,REL-X7,Release X+7,Onboarding,Manage Onboarding Alert,M,Implement manage onboarding alert [5],Feature,iOS,SCRUM-3,Scrum,10,NZ,5,21,2027-01-11,2027-01-24,34.4,4.8,39.3,14.2,6,Yes,Completed,0,0.0,2,1,1
US-0334,REL-X7,Release X+7,Onboarding,Manage Onboarding Alert,M,Enable manage onboarding alert [6],Feature,iOS,SCRUM-3,Scrum,10,NZ,3,21,2027-01-11,2027-01-24,18.7,1.9,22.0,17.6,6,Yes,Completed,0,0.0,2,1,1
US-0346,REL-X7,Release X+7,Onboarding,Configure Onboarding Summary,L,Add support for configure onboarding summary [7],Enhancement,iOS,NON-S-2,Non-Scrum,3,Overseas,2,21,2027-01-11,2027-01-24,10.8,0.7,13.0,20.4,6,Yes,Completed,1,0.0,3,1,0
US-0352,REL-X7,Release X+7,Accounts,Export Accounts Dashboard,L,As an admin I can export accounts dashboard [5],Feature,,SCRUM-4,Scrum,8,NZ,3,21,2027-01-11,2027-01-24,18.6,1.3,19.4,4.3,4,Yes,Completed,0,,3,1,1
US-0225,REL-X6,Release X+6,Notifications,Verify Notifications Report,L,Enable verify notifications report [3],Feature,iOS,SCRUM-4,Scrum,8,NZ,5,21,2026-12-07,2026-12-20,27.0,2.1,28.9,7.0,3,No,In Progress,0,0.0,3,0,1
US-0286,REL-X6,Release X+6,Payments,Manage Payments Report,M,System should manage payments report [3],Defect,Platform,NON-S-2,Non-Scrum,3,Overseas,5,21,2026-12-07,2026-12-20,30.7,0.0,67.1,,4,Yes,Not Started,2,2.0,2,1,0
US-0331,REL-X7,Release X+7,Onboarding,Manage Onboarding Alert,M,User is able to manage onboarding alert [3],Feature,iOS,SCRUM-3,Scrum,10,NZ,3,21,2027-01-11,2027-01-24,18.9,1.1,21.6,14.3,5,Yes,Completed,0,0.0,2,1,1
US-0267,REL-X6,Release X+6,Reporting,Export Reporting Summary,S,Implement export reporting summary [2],Feature,Platform,SCRUM-3,Scrum,10,NZ,5,21,2026-12-07,2026-12-20,35.4,0.9,39.0,10.2,5,Yes,Completed,0,2.0,1,1,1
US-0273,REL-X6,Release X+6,Reporting,Sync Reporting Module,M,Add support for sync reporting module [6],Feature,Platform,SCRUM-4,Scrum,8,NZ,8,21,2026-12-07,2026-12-20,54.4,6.3,58.6,7.7,4,Yes,Not Started,0,2.0,2,1,1
US-0288,REL-X6,Release X+6,Payments,Send Payments Dashboard,L,Add support for send payments dashboard [1],Enhancement,Android,SCRUM-2,Scrum,8,NZ,5,21,2026-12-07,2026-12-20,36.8,1.9,40.8,10.9,5,Yes,Completed,1,1.0,3,1,1
US-0295,REL-X6,Release X+6,Authentication,Display Authentication Settings,S,Add support for display authentication settings [1],Enhancement,iOS,NON-S-1,Non-Scrum,10,NZ,2,21,2026-12-07,2026-12-20,13.9,2.2,17.3,24.5,3,No,In Progress,1,0.0,1,0,0
US-0260,REL-X6,Release X+6,Transfers,Update Transfers Alert,L,System should update transfers alert [6],Feature,Platform,SCRUM-1,Scrum,8,NZ,5,21,2026-12-07,2026-12-20,30.9,1.8,31.6,2.3,6,Yes,Completed,0,2.0,3,1,1
US-0257,REL-X6,Release X+6,Transfers,Update Transfers Alert,L,Implement update transfers alert [3],Feature,Platform,SCRUM-1,Scrum,8,NZ,3,21,2026-12-07,2026-12-20,17.2,1.4,19.8,15.1,5,Yes,Completed,0,2.0,3,1,1
US-0282,REL-X6,Release X+6,Payments,Verify Payments Screen,M,System should verify payments screen [3],Feature,Platform,SCRUM-1,Scrum,8,NZ,5,21,2026-12-07,2026-12-20,34.4,5.1,39.1,13.7,5,Yes,In Progress,0,2.0,2,1,1
US-0293,REL-X6,Release X+6,Payments,Send Payments Dashboard,L,System should send payments dashboard [6],Enhancement,Android,SCRUM-2,Scrum,8,NZ,13,21,2026-12-07,2026-12-20,78.0,8.5,92.6,18.7,5,Yes,Not Started,1,1.0,3,1,1
US-0291,REL-X6,Release X+6,Payments,Send Payments Dashboard,L,System should send payments dashboard [4],Enhancement,Android,SCRUM-2,Scrum,8,NZ,13,22,2026-12-21,2027-01-03,76.0,14.0,92.9,22.2,3,Yes,In Progress,1,1.0,3,1,1
US-0223,REL-X6,Release X+6,Notifications,Verify Notifications Report,L,As an admin I can verify notifications report [1],Feature,iOS,SCRUM-4,Scrum,8,NZ,5,22,2026-12-21,2027-01-03,27.7,3.2,30.0,8.3,6,Yes,Completed,0,0.0,3,1,1
US-0271,REL-X6,Release X+6,Reporting,Sync Reporting Module,M,Add support for sync reporting module [4],Feature,Platform,SCRUM-4,Scrum,8,NZ,8,22,2026-12-21,2027-01-03,46.1,2.5,50.7,10.0,4,Yes,Completed,0,2.0,2,1,1
US-0345,REL-X7,Release X+7,Onboarding,Configure Onboarding Summary,L,Implement configure onboarding summary [6],Enhancement,iOS,NON-S-2,Non-Scrum,3,Overseas,5,22,2027-01-25,2027-02-07,30.0,0.0,37.7,25.7,5,Yes,Completed,1,0.0,3,1,0
US-0351,REL-X7,Release X+7,Accounts,Export Accounts Dashboard,L,As an admin I can export accounts dashboard [4],Feature,iOS,SCRUM-4,Scrum,8,NZ,3,22,2027-01-25,2027-02-07,22.3,1.5,24.4,9.4,4,Yes,Completed,0,0.0,3,1,1
US-0274,REL-X6,Release X+6,Payments,Sync Payments Settings,M,System should sync payments settings [1],Defect,Platform,SCRUM-4,Scrum,8,NZ,1,22,2026-12-21,2027-01-03,5.9,2.8,10.9,84.7,3,Yes,Not Started,2,2.0,2,1,1
US-0354,REL-X7,Release X+7,Accounts,Export Accounts Dashboard,L,System should export accounts dashboard [7],Feature,iOS,SCRUM-4,Scrum,8,NZ,1,22,2027-01-25,2027-02-07,5.0,0.5,5.3,6.0,3,No,In Progress,0,0.0,3,0,1
US-0253,REL-X6,Release X+6,Transfers,Review Transfers Flow,L,Add support for review transfers flow [6],Defect,Android,SCRUM-3,Scrum,10,NZ,2,22,2026-12-21,2027-01-03,12.0,6.6,21.7,80.8,6,Yes,In Progress,2,1.0,3,1,1
US-0246,REL-X6,Release X+6,Transfers,Display Transfers Settings,M,Enable display transfers settings [2],Defect,iOS,SCRUM-1,Scrum,8,NZ,5,22,2026-12-21,2027-01-03,26.6,17.6,50.6,90.2,4,Yes,Completed,2,0.0,2,1,1
US-0361,REL-X7,Release X+7,Accounts,Manage Accounts Dashboard,M,User is able to manage accounts dashboard [3],Feature,Android,SCRUM-4,Scrum,8,NZ,3,22,2027-01-25,2027-02-07,20.4,1.8,21.8,6.9,6,Yes,Not Started,0,1.0,2,1,1
US-0254,REL-X6,Release X+6,Transfers,Review Transfers Flow,L,System should review transfers flow [7],Defect,Android,SCRUM-3,Scrum,10,NZ,2,22,2026-12-21,2027-01-03,14.5,8.7,28.2,94.5,4,Yes,Completed,2,1.0,3,1,1
US-0398,REL-X8,Release X+8,Cards,Export Cards Summary,L,Enable export cards summary [6],Enhancement,iOS,SCRUM-1,Scrum,8,NZ,3,23,2027-04-19,2027-05-02,19.5,2.1,21.6,10.8,5,Yes,Completed,1,0.0,3,1,1
US-0353,REL-X7,Release X+7,Accounts,Export Accounts Dashboard,L,As an admin I can export accounts dashboard [6],Feature,iOS,SCRUM-4,Scrum,8,NZ,1,23,2027-02-08,2027-02-21,6.9,0.8,7.8,13.0,5,Yes,Completed,0,0.0,3,1,1
US-0298,REL-X6,Release X+6,Authentication,Review Authentication Settings,M,As an admin I can review authentication settings [1],Feature,Platform,SCRUM-2,Scrum,8,NZ,1,23,2027-01-04,2027-01-17,6.5,0.8,7.4,13.8,6,Yes,Not Started,0,2.0,2,1,1
US-0241,REL-X6,Release X+6,Notifications,Review Notifications Summary,L,As a user I can review notifications summary [6],Feature,Android,NON-S-2,Non-Scrum,3,Overseas,2,23,2027-01-04,2027-01-17,10.5,0.5,11.2,6.7,4,Yes,Completed,0,1.0,3,1,0
US-0396,REL-X8,Release X+8,Cards,Export Cards Summary,L,System should export cards summary [4],Enhancement,iOS,SCRUM-1,Scrum,8,NZ,3,23,2027-04-19,2027-05-02,15.2,1.2,17.1,12.5,3,Yes,In Progress,1,0.0,3,1,1
US-0336,REL-X7,Release X+7,Onboarding,Display Onboarding Module,L,User is able to display onboarding module [2],Enhancement,Platform,NON-S-1,Non-Scrum,10,NZ,2,23,2027-02-08,2027-02-21,10.2,0.7,11.1,8.8,4,Yes,Completed,1,2.0,3,1,0
US-0284,REL-X6,Release X+6,Payments,Manage Payments Report,M,User is able to manage payments report [1],Defect,Platform,NON-S-2,Non-Scrum,3,Overseas,5,23,2027-01-04,2027-01-17,25.7,8.4,42.8,66.5,6,Yes,Completed,2,2.0,2,1,0
US-0359,REL-X7,Release X+7,Accounts,Manage Accounts Dashboard,M,As a user I can manage accounts dashboard [1],Feature,Android,SCRUM-4,Scrum,8,NZ,5,23,2027-02-08,2027-02-21,25.0,1.3,26.0,4.0,3,Yes,In Progress,0,1.0,2,1,1
US-0265,REL-X6,Release X+6,Reporting,Review Reporting Dashboard,L,As a user I can review reporting dashboard [5],Enhancement,Android,NON-S-2,Non-Scrum,3,Overseas,5,23,2027-01-04,2027-01-17,30.7,2.3,36.5,18.9,4,Yes,In Progress,1,1.0,3,1,0
US-0384,REL-X8,Release X+8,Authentication,Display Authentication Details,L,User is able to display authentication details [5],Enhancement,iOS,SCRUM-3,Scrum,10,NZ,3,23,2027-04-19,2027-05-02,15.5,2.7,19.9,28.4,5,Yes,Completed,1,0.0,3,1,1
US-0409,REL-X8,Release X+8,Cards,Display Cards Settings,M,Add support for display cards settings [1],Defect,iOS,NON-S-2,Non-Scrum,3,Overseas,2,23,2027-04-19,2027-05-02,12.8,0.0,25.5,99.2,5,Yes,Completed,2,0.0,2,1,0
US-0414,REL-X8,Release X+8,Reporting,Update Reporting Screen,S,Add support for update reporting screen [1],Defect,Platform,NON-S-1,Non-Scrum,10,NZ,21,23,2027-04-19,2027-05-02,129.3,71.6,246.8,90.9,4,Yes,Completed,2,2.0,1,1,0
US-0326,REL-X7,Release X+7,Reporting,Verify Reporting History,M,As an admin I can verify reporting history [3],Enhancement,Platform,SCRUM-3,Scrum,10,NZ,13,23,2027-02-08,2027-02-21,86.5,4.5,98.8,14.2,3,Yes,Completed,1,2.0,2,1,1
US-0324,REL-X7,Release X+7,Reporting,Verify Reporting History,M,Add support for verify reporting history [1],Enhancement,Platform,SCRUM-3,Scrum,10,NZ,5,23,2027-02-08,2027-02-21,31.7,4.8,40.7,28.4,4,Yes,Completed,1,2.0,2,1,1
US-0418,REL-X8,Release X+8,Reporting,Sync Reporting History,S,As a user I can sync reporting history [3],Defect,iOS,SCRUM-3,Scrum,10,NZ,8,23,2027-04-19,2027-05-02,51.4,31.9,111.9,117.7,5,Yes,Completed,2,0.0,1,1,1
US-0308,REL-X7,Release X+7,Cards,Configure Cards Module,M,Implement configure cards module [2],Defect,Platform,SCRUM-4,Scrum,8,NZ,8,23,2027-02-08,2027-02-21,51.4,39.8,116.5,126.7,6,Yes,Not Started,2,2.0,2,1,1
US-0309,REL-X7,Release X+7,Cards,Configure Cards Module,M,User is able to configure cards module [3],Defect,Platform,SCRUM-4,Scrum,8,NZ,2,23,2027-02-08,2027-02-21,10.1,7.7,23.3,130.7,5,Yes,Not Started,2,2.0,2,1,1
US-0235,REL-X6,Release X+6,Notifications,Export Notifications Alert,M,Implement export notifications alert [6],Defect,Android,NON-S-2,Non-Scrum,3,Overseas,5,23,2027-01-04,2027-01-17,28.7,14.4,55.7,94.1,4,Yes,In Progress,2,1.0,2,1,0
US-0338,REL-X7,Release X+7,Onboarding,Display Onboarding Module,L,System should display onboarding module [4],Enhancement,Platform,NON-S-1,Non-Scrum,10,NZ,5,23,2027-02-08,2027-02-21,25.7,3.2,31.3,21.8,5,Yes,Completed,1,2.0,3,1,0
US-0275,REL-X6,Release X+6,Payments,Sync Payments Settings,M,Implement sync payments settings [2],Defect,Platform,SCRUM-4,Scrum,8,NZ,3,23,2027-01-04,2027-01-17,20.6,16.4,44.2,114.6,3,Yes,Completed,2,2.0,2,1,1
US-0367,REL-X7,Release X+7,Notifications,Verify Notifications Report,M,Enable verify notifications report [3],Enhancement,Android,NON-S-2,Non-Scrum,3,Overseas,8,24,2027-02-22,2027-03-07,49.1,4.3,59.3,20.8,6,Yes,In Progress,1,1.0,2,1,0
US-0382,REL-X8,Release X+8,Authentication,Display Authentication Details,L,Add support for display authentication details [3],Enhancement,iOS,SCRUM-3,Scrum,10,NZ,13,24,2027-05-03,2027-05-16,72.0,8.0,81.8,13.6,4,Yes,In Progress,1,0.0,3,1,1
US-0315,REL-X7,Release X+7,Cards,Review Cards Settings,M,System should review cards settings [3],Enhancement,Platform,NON-S-2,Non-Scrum,3,Overseas,5,24,2027-02-22,2027-03-07,30.8,5.8,40.5,31.5,3,Yes,Completed,1,2.0,2,1,0
US-0350,REL-X7,Release X+7,Accounts,Export Accounts Dashboard,L,User is able to export accounts dashboard [3],Feature,iOS,SCRUM-4,Scrum,8,NZ,3,24,2027-02-22,2027-03-07,21.2,1.2,21.8,2.8,5,Yes,Not Started,0,0.0,3,1,1
US-0400,REL-X8,Release X+8,Cards,Export Cards Summary,L,Enable export cards summary [8],Enhancement,iOS,SCRUM-1,Scrum,8,NZ,2,24,2027-05-03,2027-05-16,11.6,0.7,12.3,6.0,5,Yes,Completed,1,0.0,3,1,1
US-0403,REL-X8,Release X+8,Cards,Send Cards Details,L,Enable send cards details [3],Enhancement,Android,SCRUM-3,Scrum,10,NZ,1,24,2027-05-03,2027-05-16,7.3,1.1,9.1,24.7,3,Yes,Completed,1,1.0,3,1,1
US-0342,REL-X7,Release X+7,Onboarding,Configure Onboarding Summary,L,As an admin I can configure onboarding summary [3],Enhancement,iOS,NON-S-2,Non-Scrum,3,Overseas,8,24,2027-02-22,2027-03-07,47.2,6.0,55.3,17.2,6,Yes,Completed,1,0.0,3,1,0
US-0337,REL-X7,Release X+7,Onboarding,Display Onboarding Module,L,User is able to display onboarding module [3],Enhancement,Platform,NON-S-1,Non-Scrum,10,NZ,2,24,2027-02-22,2027-03-07,15.0,2.6,17.9,,6,Yes,Completed,1,2.0,3,1,0
US-0332,REL-X7,Release X+7,Onboarding,Manage Onboarding Alert,M,As an admin I can manage onboarding alert [4],Feature,iOS,SCRUM-3,Scrum,10,NZ,5,24,2027-02-22,2027-03-07,28.2,4.1,34.3,21.6,5,Yes,Completed,0,0.0,2,1,1
